MentionSourceName,ActionGeo_CountryCode,Number_events_country,Number_events_source
timesofisrael.com,LT,50946,13
theguardian.com,LT,50946,40
gulfnews.com,LT,50946,52
france24.com,LT,50946,23
chinadaily.com.cn,LT,50946,19
dailytelegraph.com.au,LT,50946,10
washingtonpost.com,LT,50946,31
japantimes.co.jp,LT,50946,8
thehindu.com,LT,50946,1
rt.com,LT,50946,2
MentionSourceName,ActionGeo_CountryCode,Number_events_country,Number_events_source
theguardian.com,CI,208073,639
washingtonpost.com,CI,208073,1004
france24.com,CI,208073,475
gulfnews.com,CI,208073,300
dailytelegraph.com.au,CI,208073,242
thejakartapost.com,CI,208073,94
rt.com,CI,208073,162
japantimes.co.jp,CI,208073,211
timesofisrael.com,CI,208073,77
chinadaily.com.cn,CI,208073,299
thehindu.com,CI,208073,163
kenyastar.com,CI,208073,8
washingtonpost.com,PC,1622,8
dailytelegraph.com.au,PC,1622,16
theguardian.com,PC,1622,4
MentionSourceName,ActionGeo_CountryCode,Number_events_country,Number_events_source
france24.com,FI,172258,281
rt.com,FI,172258,192
theguardian.com,FI,172258,435
gulfnews.com,FI,172258,227
thehindu.com,FI,172258,180
japantimes.co.jp,FI,172258,110
dailytelegraph.com.au,FI,172258,104
thejakartapost.com,FI,172258,145
washingtonpost.com,FI,172258,522
chinadaily.com.cn,FI,172258,219
timesofisrael.com,FI,172258,57
kenyastar.com,FI,172258,8
timesofisrael.com,IC,91717,19
thehindu.com,IC,91717,80
thejakartapost.com,IC,91717,49
france24.com,IC,91717,165
chinadaily.com.cn,IC,91717,48
washingtonpost.com,IC,91717,230
gulfnews.com,IC,91717,63
theguardian.com,IC,91717,380
kenyastar.com,IC,91717,20
rt.com,IC,91717,97
dailytelegraph.com.au,IC,91717,104
japantimes.co.jp,IC,91717,41
gulfnews.com,PM,203495,224
washingtonpost.com,PM,203495,659
theguardian.com,PM,203495,473
thejakartapost.com,PM,203495,65
france24.com,PM,203495,363
dailytelegraph.com.au,PM,203495,119
thehindu.com,PM,203495,202
timesofisrael.com,PM,203495,57
rt.com,PM,203495,86
japantimes.co.jp,PM,203495,126
chinadaily.com.cn,PM,203495,90
kenyastar.com,PM,203495,5
washingtonpost.com,SC,7881,1
MentionSourceName,ActionGeo_CountryCode,Number_events_country,Number_events_source
theguardian.com,PU,9863,13
gulfnews.com,PU,9863,25
washingtonpost.com,PU,9863,13
france24.com,PU,9863,24
kenyastar.com,PU,9863,3
thehindu.com,PU,9863,6
MentionSourceName,ActionGeo_CountryCode,Number_events_country,Number_events_source
thehindu.com,NS,10945,14
washingtonpost.com,NS,10945,45
dailytelegraph.com.au,NS,10945,25
theguardian.com,NS,10945,7
france24.com,NS,10945,9
chinadaily.com.cn,NS,10945,8
japantimes.co.jp,NS,10945,1
thejakartapost.com,NS,10945,11
timesofisrael.com,NS,10945,1
gulfnews.com,NS,10945,1
rt.com,NS,10945,5
MentionSourceName,ActionGeo_CountryCode,Number_events_country,Number_events_source
washingtonpost.com,RO,268588,1430
rt.com,RO,268588,207
thehindu.com,RO,268588,97
timesofisrael.com,RO,268588,199
france24.com,RO,268588,367
theguardian.com,RO,268588,497
dailytelegraph.com.au,RO,268588,100
thejakartapost.com,RO,268588,79
chinadaily.com.cn,RO,268588,47
gulfnews.com,RO,268588,187
japantimes.co.jp,RO,268588,93
kenyastar.com,RO,268588,9
MentionSourceName,ActionGeo_CountryCode,Number_events_country,Number_events_source
gulfnews.com,SL,124850,129
france24.com,SL,124850,114
washingtonpost.com,SL,124850,239
theguardian.com,SL,124850,357
dailytelegraph.com.au,SL,124850,26
japantimes.co.jp,SL,124850,71
chinadaily.com.cn,SL,124850,66
thehindu.com,SL,124850,55
timesofisrael.com,SL,124850,26
thejakartapost.com,SL,124850,21
kenyastar.com,SL,124850,31
rt.com,SL,124850,18
MentionSourceName,ActionGeo_CountryCode,Number_events_country,Number_events_source
chinadaily.com.cn,LA,109019,394
thejakartapost.com,LA,109019,270
washingtonpost.com,LA,109019,296
gulfnews.com,LA,109019,115
theguardian.com,LA,109019,131
dailytelegraph.com.au,LA,109019,72
thehindu.com,LA,109019,105
kenyastar.com,LA,109019,23
japantimes.co.jp,LA,109019,216
france24.com,LA,109019,141
timesofisrael.com,LA,109019,36
rt.com,LA,109019,18
washingtonpost.com,NL,608573,2080
thehindu.com,NL,608573,537
thejakartapost.com,NL,608573,857
france24.com,NL,608573,1503
chinadaily.com.cn,NL,608573,401
timesofisrael.com,NL,608573,1074
gulfnews.com,NL,608573,910
theguardian.com,NL,608573,2080
rt.com,NL,608573,647
dailytelegraph.com.au,NL,608573,631
japantimes.co.jp,NL,608573,471
kenyastar.com,NL,608573,80
MentionSourceName,ActionGeo_CountryCode,Number_events_country,Number_events_source
chinadaily.com.cn,MN,31477,29
theguardian.com,MN,31477,111
washingtonpost.com,MN,31477,70
france24.com,MN,31477,38
gulfnews.com,MN,31477,66
japantimes.co.jp,MN,31477,24
timesofisrael.com,MN,31477,12
kenyastar.com,MN,31477,3
thejakartapost.com,MN,31477,25
rt.com,MN,31477,9
dailytelegraph.com.au,MN,31477,31
thehindu.com,MN,31477,8
MentionSourceName,ActionGeo_CountryCode,Number_events_country,Number_events_source
gulfnews.com,AM,460767,229
timesofisrael.com,AM,460767,310
washingtonpost.com,AM,460767,455
theguardian.com,AM,460767,323
france24.com,AM,460767,361
chinadaily.com.cn,AM,460767,70
kenyastar.com,AM,460767,237
japantimes.co.jp,AM,460767,94
dailytelegraph.com.au,AM,460767,65
rt.com,AM,460767,270
thehindu.com,AM,460767,86
thejakartapost.com,AM,460767,33
washingtonpost.com,PL,496921,3664
theguardian.com,PL,496921,1944
dailytelegraph.com.au,PL,496921,389
rt.com,PL,496921,1107
timesofisrael.com,PL,496921,2096
gulfnews.com,PL,496921,706
chinadaily.com.cn,PL,496921,393
france24.com,PL,496921,1545
kenyastar.com,PL,496921,60
thehindu.com,PL,496921,326
japantimes.co.jp,PL,496921,539
thejakartapost.com,PL,496921,179
japantimes.co.jp,PS,8677,166
france24.com,PS,8677,18
chinadaily.com.cn,PS,8677,7
dailytelegraph.com.au,PS,8677,3
gulfnews.com,PS,8677,4
thejakartapost.com,PS,8677,3
washingtonpost.com,PS,8677,10
theguardian.com,PS,8677,14
timesofisrael.com,PS,8677,2
dailytelegraph.com.au,RE,15650,80
thehindu.com,RE,15650,33
france24.com,RE,15650,38
timesofisrael.com,RE,15650,17
japantimes.co.jp,RE,15650,20
theguardian.com,RE,15650,17
thejakartapost.com,RE,15650,14
washingtonpost.com,RE,15650,55
chinadaily.com.cn,RE,15650,20
rt.com,RE,15650,11
gulfnews.com,RE,15650,4
gulfnews.com,UV,65531,145
dailytelegraph.com.au,UV,65531,113
theguardian.com,UV,65531,296
france24.com,UV,65531,253
washingtonpost.com,UV,65531,441
timesofisrael.com,UV,65531,31
japantimes.co.jp,UV,65531,73
thejakartapost.com,UV,65531,59
thehindu.com,UV,65531,49
kenyastar.com,UV,65531,19
rt.com,UV,65531,9
chinadaily.com.cn,UV,65531,18
MentionSourceName,ActionGeo_CountryCode,Number_events_country,Number_events_source
gulfnews.com,AA,11257,5
washingtonpost.com,AA,11257,18
dailytelegraph.com.au,AA,11257,4
rt.com,AA,11257,3
thehindu.com,AA,11257,3
theguardian.com,AA,11257,4
kenyastar.com,AA,11257,1
kenyastar.com,MK,132758,8
washingtonpost.com,MK,132758,699
thehindu.com,MK,132758,33
france24.com,MK,132758,366
theguardian.com,MK,132758,287
thejakartapost.com,MK,132758,82
japantimes.co.jp,MK,132758,123
dailytelegraph.com.au,MK,132758,87
rt.com,MK,132758,195
gulfnews.com,MK,132758,149
timesofisrael.com,MK,132758,47
chinadaily.com.cn,MK,132758,33
MentionSourceName,ActionGeo_CountryCode,Number_events_country,Number_events_source
theguardian.com,AY,25643,96
gulfnews.com,AY,25643,50
washingtonpost.com,AY,25643,179
chinadaily.com.cn,AY,25643,25
dailytelegraph.com.au,AY,25643,76
rt.com,AY,25643,16
kenyastar.com,AY,25643,6
france24.com,AY,25643,36
japantimes.co.jp,AY,25643,51
thehindu.com,AY,25643,30
thejakartapost.com,AY,25643,10
timesofisrael.com,AY,25643,1
washingtonpost.com,DR,76452,464
timesofisrael.com,DR,76452,23
dailytelegraph.com.au,DR,76452,13
gulfnews.com,DR,76452,43
thehindu.com,DR,76452,31
france24.com,DR,76452,161
thejakartapost.com,DR,76452,13
theguardian.com,DR,76452,144
japantimes.co.jp,DR,76452,38
rt.com,DR,76452,12
chinadaily.com.cn,DR,76452,2
kenyastar.com,DR,76452,7
MentionSourceName,ActionGeo_CountryCode,Number_events_country,Number_events_source
washingtonpost.com,MX,1281931,10773
rt.com,MX,1281931,782
theguardian.com,MX,1281931,3851
france24.com,MX,1281931,2728
gulfnews.com,MX,1281931,2174
dailytelegraph.com.au,MX,1281931,997
japantimes.co.jp,MX,1281931,1432
chinadaily.com.cn,MX,1281931,516
thejakartapost.com,MX,1281931,552
thehindu.com,MX,1281931,747
timesofisrael.com,MX,1281931,584
kenyastar.com,MX,1281931,134
rt.com,PF,2062,2
gulfnews.com,PF,2062,8
washingtonpost.com,PF,2062,12
thejakartapost.com,PF,2062,13
thehindu.com,PF,2062,3
theguardian.com,PF,2062,2
france24.com,PF,2062,2
japantimes.co.jp,PF,2062,4
MentionSourceName,ActionGeo_CountryCode,Number_events_country,Number_events_source
washingtonpost.com,YI,4441,17
thehindu.com,YI,4441,3
gulfnews.com,YI,4441,4
france24.com,YI,4441,31
theguardian.com,YI,4441,14
japantimes.co.jp,YI,4441,5
rt.com,YI,4441,14
dailytelegraph.com.au,YI,4441,2
timesofisrael.com,YI,4441,1
chinadaily.com.cn,YI,4441,3
kenyastar.com,YI,4441,3
MentionSourceName,ActionGeo_CountryCode,Number_events_country,Number_events_source
theguardian.com,GL,28172,125
japantimes.co.jp,GL,28172,22
washingtonpost.com,GL,28172,157
france24.com,GL,28172,25
dailytelegraph.com.au,GL,28172,27
gulfnews.com,GL,28172,24
chinadaily.com.cn,GL,28172,18
thehindu.com,GL,28172,15
thejakartapost.com,GL,28172,15
rt.com,GL,28172,12
timesofisrael.com,GL,28172,2
thejakartapost.com,TV,6896,5
dailytelegraph.com.au,TV,6896,9
theguardian.com,TV,6896,14
washingtonpost.com,TV,6896,1
thehindu.com,TV,6896,4
japantimes.co.jp,TV,6896,2
france24.com,TV,6896,2
MentionSourceName,ActionGeo_CountryCode,Number_events_country,Number_events_source
dailytelegraph.com.au,BP,26209,46
thehindu.com,BP,26209,6
chinadaily.com.cn,BP,26209,4
gulfnews.com,BP,26209,12
theguardian.com,BP,26209,38
washingtonpost.com,BP,26209,10
thejakartapost.com,BP,26209,28
japantimes.co.jp,BP,26209,5
timesofisrael.com,BP,26209,1
rt.com,BP,26209,3
france24.com,BP,26209,4
MentionSourceName,ActionGeo_CountryCode,Number_events_country,Number_events_source
washingtonpost.com,SM,2690,2
gulfnews.com,SM,2690,2
thehindu.com,SM,2690,6
chinadaily.com.cn,SM,2690,3
france24.com,SM,2690,1
rt.com,SM,2690,2
MentionSourceName,ActionGeo_CountryCode,Number_events_country,Number_events_source
gulfnews.com,CN,4301,82
france24.com,CN,4301,27
theguardian.com,CN,4301,20
dailytelegraph.com.au,CN,4301,17
timesofisrael.com,CN,4301,4
washingtonpost.com,CN,4301,13
thejakartapost.com,CN,4301,4
kenyastar.com,CN,4301,1
chinadaily.com.cn,CN,4301,3
japantimes.co.jp,CN,4301,5
thehindu.com,CN,4301,1
MentionSourceName,ActionGeo_CountryCode,Number_events_country,Number_events_source
washingtonpost.com,FG,3236,27
france24.com,FG,3236,35
theguardian.com,FG,3236,3
thehindu.com,FG,3236,11
thejakartapost.com,FG,3236,5
rt.com,FG,3236,3
dailytelegraph.com.au,FG,3236,2
timesofisrael.com,FG,3236,1
gulfnews.com,FG,3236,1
MentionSourceName,ActionGeo_CountryCode,Number_events_country,Number_events_source
kenyastar.com,TI,107025,114
chinadaily.com.cn,TI,107025,74
france24.com,TI,107025,70
rt.com,TI,107025,53
gulfnews.com,TI,107025,110
theguardian.com,TI,107025,124
washingtonpost.com,TI,107025,93
timesofisrael.com,TI,107025,11
japantimes.co.jp,TI,107025,20
thehindu.com,TI,107025,47
dailytelegraph.com.au,TI,107025,18
thejakartapost.com,TI,107025,6
MentionSourceName,ActionGeo_CountryCode,Number_events_country,Number_events_source
gulfnews.com,SW,480991,882
washingtonpost.com,SW,480991,2040
thehindu.com,SW,480991,598
theguardian.com,SW,480991,1898
japantimes.co.jp,SW,480991,417
rt.com,SW,480991,1178
dailytelegraph.com.au,SW,480991,804
timesofisrael.com,SW,480991,729
france24.com,SW,480991,994
thejakartapost.com,SW,480991,322
kenyastar.com,SW,480991,45
chinadaily.com.cn,SW,480991,193
MentionSourceName,ActionGeo_CountryCode,Number_events_country,Number_events_source
theguardian.com,AV,9012,34
dailytelegraph.com.au,AV,9012,2
france24.com,AV,9012,7
washingtonpost.com,AV,9012,6
thehindu.com,AV,9012,3
gulfnews.com,AV,9012,2
timesofisrael.com,AV,9012,2
japantimes.co.jp,AV,9012,1
MentionSourceName,ActionGeo_CountryCode,Number_events_country,Number_events_source
thejakartapost.com,BU,235893,54
washingtonpost.com,BU,235893,266
timesofisrael.com,BU,235893,222
theguardian.com,BU,235893,217
chinadaily.com.cn,BU,235893,108
france24.com,BU,235893,252
rt.com,BU,235893,128
dailytelegraph.com.au,BU,235893,52
gulfnews.com,BU,235893,140
kenyastar.com,BU,235893,92
thehindu.com,BU,235893,102
japantimes.co.jp,BU,235893,44
MentionSourceName,ActionGeo_CountryCode,Number_events_country,Number_events_source
theguardian.com,CG,59921,251
thehindu.com,CG,59921,30
france24.com,CG,59921,272
gulfnews.com,CG,59921,159
washingtonpost.com,CG,59921,195
chinadaily.com.cn,CG,59921,20
japantimes.co.jp,CG,59921,26
kenyastar.com,CG,59921,25
timesofisrael.com,CG,59921,2
rt.com,CG,59921,4
thejakartapost.com,CG,59921,8
dailytelegraph.com.au,CG,59921,1
MentionSourceName,ActionGeo_CountryCode,Number_events_country,Number_events_source
thehindu.com,HR,130969,67
washingtonpost.com,HR,130969,538
theguardian.com,HR,130969,246
france24.com,HR,130969,361
thejakartapost.com,HR,130969,42
japantimes.co.jp,HR,130969,89
kenyastar.com,HR,130969,9
timesofisrael.com,HR,130969,133
gulfnews.com,HR,130969,164
dailytelegraph.com.au,HR,130969,80
rt.com,HR,130969,81
chinadaily.com.cn,HR,130969,53
rt.com,LI,223531,36
theguardian.com,LI,223531,173
kenyastar.com,LI,223531,88
washingtonpost.com,LI,223531,358
france24.com,LI,223531,79
chinadaily.com.cn,LI,223531,62
gulfnews.com,LI,223531,72
thehindu.com,LI,223531,63
dailytelegraph.com.au,LI,223531,17
japantimes.co.jp,LI,223531,60
timesofisrael.com,LI,223531,35
thejakartapost.com,LI,223531,9
washingtonpost.com,SV,4237,10
gulfnews.com,SV,4237,10
france24.com,SV,4237,11
rt.com,SV,4237,13
dailytelegraph.com.au,SV,4237,15
theguardian.com,SV,4237,24
thehindu.com,SV,4237,10
japantimes.co.jp,SV,4237,5
MentionSourceName,ActionGeo_CountryCode,Number_events_country,Number_events_source
washingtonpost.com,BX,191453,413
thejakartapost.com,BX,191453,463
france24.com,BX,191453,117
chinadaily.com.cn,BX,191453,855
rt.com,BX,191453,77
gulfnews.com,BX,191453,180
japantimes.co.jp,BX,191453,650
dailytelegraph.com.au,BX,191453,158
theguardian.com,BX,191453,202
thehindu.com,BX,191453,203
kenyastar.com,BX,191453,19
timesofisrael.com,BX,191453,12
thehindu.com,NP,472433,3118
washingtonpost.com,NP,472433,1035
dailytelegraph.com.au,NP,472433,414
chinadaily.com.cn,NP,472433,550
japantimes.co.jp,NP,472433,269
gulfnews.com,NP,472433,1106
timesofisrael.com,NP,472433,323
theguardian.com,NP,472433,673
thejakartapost.com,NP,472433,280
france24.com,NP,472433,282
rt.com,NP,472433,52
kenyastar.com,NP,472433,90
timesofisrael.com,WE,282978,5759
thejakartapost.com,WE,282978,134
france24.com,WE,282978,544
thehindu.com,WE,282978,117
washingtonpost.com,WE,282978,965
gulfnews.com,WE,282978,656
rt.com,WE,282978,221
japantimes.co.jp,WE,282978,101
chinadaily.com.cn,WE,282978,31
theguardian.com,WE,282978,311
kenyastar.com,WE,282978,10
dailytelegraph.com.au,WE,282978,65
MentionSourceName,ActionGeo_CountryCode,Number_events_country,Number_events_source
washingtonpost.com,TU,2613410,12298
theguardian.com,TU,2613410,6135
dailytelegraph.com.au,TU,2613410,2411
thejakartapost.com,TU,2613410,2005
timesofisrael.com,TU,2613410,6086
france24.com,TU,2613410,10097
gulfnews.com,TU,2613410,7815
japantimes.co.jp,TU,2613410,2946
rt.com,TU,2613410,6778
thehindu.com,TU,2613410,2552
chinadaily.com.cn,TU,2613410,1300
kenyastar.com,TU,2613410,548
MentionSourceName,ActionGeo_CountryCode,Number_events_country,Number_events_source
washingtonpost.com,SO,538616,2199
japantimes.co.jp,SO,538616,485
chinadaily.com.cn,SO,538616,232
gulfnews.com,SO,538616,942
dailytelegraph.com.au,SO,538616,328
france24.com,SO,538616,704
theguardian.com,SO,538616,944
rt.com,SO,538616,190
kenyastar.com,SO,538616,1495
thejakartapost.com,SO,538616,164
thehindu.com,SO,538616,453
timesofisrael.com,SO,538616,257
MentionSourceName,ActionGeo_CountryCode,Number_events_country,Number_events_source
washingtonpost.com,VQ,21045,81
france24.com,VQ,21045,3
timesofisrael.com,VQ,21045,7
theguardian.com,VQ,21045,8
rt.com,VQ,21045,3
chinadaily.com.cn,VQ,21045,2
dailytelegraph.com.au,VQ,21045,2
gulfnews.com,VQ,21045,3
japantimes.co.jp,VQ,21045,4
thehindu.com,VQ,21045,2
thejakartapost.com,VQ,21045,1
MentionSourceName,ActionGeo_CountryCode,Number_events_country,Number_events_source
gulfnews.com,GG,103145,55
thehindu.com,GG,103145,16
theguardian.com,GG,103145,84
timesofisrael.com,GG,103145,34
rt.com,GG,103145,90
kenyastar.com,GG,103145,10
france24.com,GG,103145,83
washingtonpost.com,GG,103145,137
japantimes.co.jp,GG,103145,41
thejakartapost.com,GG,103145,15
chinadaily.com.cn,GG,103145,34
dailytelegraph.com.au,GG,103145,8
theguardian.com,PG,4090,13
france24.com,PG,4090,3
washingtonpost.com,PG,4090,6
dailytelegraph.com.au,PG,4090,7
japantimes.co.jp,PG,4090,15
gulfnews.com,PG,4090,5
thehindu.com,PG,4090,2
thejakartapost.com,PG,4090,4
chinadaily.com.cn,PG,4090,5
rt.com,PG,4090,7
japantimes.co.jp,RI,130630,105
france24.com,RI,130630,378
washingtonpost.com,RI,130630,660
thehindu.com,RI,130630,60
theguardian.com,RI,130630,186
dailytelegraph.com.au,RI,130630,102
rt.com,RI,130630,234
timesofisrael.com,RI,130630,95
chinadaily.com.cn,RI,130630,242
gulfnews.com,RI,130630,156
thejakartapost.com,RI,130630,66
kenyastar.com,RI,130630,7
japantimes.co.jp,RQ,101203,108
washingtonpost.com,RQ,101203,1463
theguardian.com,RQ,101203,255
thejakartapost.com,RQ,101203,21
france24.com,RQ,101203,86
timesofisrael.com,RQ,101203,25
dailytelegraph.com.au,RQ,101203,35
gulfnews.com,RQ,101203,82
kenyastar.com,RQ,101203,5
rt.com,RQ,101203,44
thehindu.com,RQ,101203,56
chinadaily.com.cn,RQ,101203,5
MentionSourceName,ActionGeo_CountryCode,Number_events_country,Number_events_source
theguardian.com,BC,127422,113
gulfnews.com,BC,127422,34
thejakartapost.com,BC,127422,15
france24.com,BC,127422,27
kenyastar.com,BC,127422,33
japantimes.co.jp,BC,127422,15
dailytelegraph.com.au,BC,127422,13
washingtonpost.com,BC,127422,38
thehindu.com,BC,127422,19
chinadaily.com.cn,BC,127422,18
rt.com,BC,127422,3
timesofisrael.com,BC,127422,1
dailytelegraph.com.au,GH,870982,1682
japantimes.co.jp,GH,870982,46
washingtonpost.com,GH,870982,251
theguardian.com,GH,870982,611
gulfnews.com,GH,870982,201
france24.com,GH,870982,158
timesofisrael.com,GH,870982,39
thehindu.com,GH,870982,134
rt.com,GH,870982,13
chinadaily.com.cn,GH,870982,74
kenyastar.com,GH,870982,46
thejakartapost.com,GH,870982,41
MentionSourceName,ActionGeo_CountryCode,Number_events_country,Number_events_source
gulfnews.com,BN,77524,80
washingtonpost.com,BN,77524,82
kenyastar.com,BN,77524,23
france24.com,BN,77524,116
theguardian.com,BN,77524,44
japantimes.co.jp,BN,77524,26
timesofisrael.com,BN,77524,5
thehindu.com,BN,77524,33
chinadaily.com.cn,BN,77524,9
rt.com,BN,77524,3
thejakartapost.com,BN,77524,9
dailytelegraph.com.au,BN,77524,8
france24.com,CV,7185,14
theguardian.com,CV,7185,8
washingtonpost.com,CV,7185,11
timesofisrael.com,CV,7185,8
gulfnews.com,CV,7185,6
japantimes.co.jp,CV,7185,10
kenyastar.com,CV,7185,1
thehindu.com,CV,7185,3
dailytelegraph.com.au,CV,7185,1
france24.com,HK,268212,597
theguardian.com,HK,268212,696
thehindu.com,HK,268212,271
thejakartapost.com,HK,268212,561
gulfnews.com,HK,268212,498
japantimes.co.jp,HK,268212,489
chinadaily.com.cn,HK,268212,1727
washingtonpost.com,HK,268212,507
rt.com,HK,268212,76
dailytelegraph.com.au,HK,268212,231
timesofisrael.com,HK,268212,28
kenyastar.com,HK,268212,19
thejakartapost.com,NH,30040,78
japantimes.co.jp,NH,30040,13
dailytelegraph.com.au,NH,30040,142
washingtonpost.com,NH,30040,27
gulfnews.com,NH,30040,42
theguardian.com,NH,30040,82
france24.com,NH,30040,13
chinadaily.com.cn,NH,30040,24
kenyastar.com,NH,30040,8
thehindu.com,NH,30040,6
rt.com,NH,30040,4
timesofisrael.com,NH,30040,2
MentionSourceName,ActionGeo_CountryCode,Number_events_country,Number_events_source
washingtonpost.com,MI,183718,138
theguardian.com,MI,183718,155
thehindu.com,MI,183718,29
gulfnews.com,MI,183718,48
kenyastar.com,MI,183718,26
france24.com,MI,183718,73
rt.com,MI,183718,17
japantimes.co.jp,MI,183718,18
thejakartapost.com,MI,183718,14
chinadaily.com.cn,MI,183718,10
dailytelegraph.com.au,MI,183718,9
timesofisrael.com,MI,183718,1
chinadaily.com.cn,TW,398902,1994
france24.com,TW,398902,643
washingtonpost.com,TW,398902,1063
thehindu.com,TW,398902,363
japantimes.co.jp,TW,398902,1109
rt.com,TW,398902,143
thejakartapost.com,TW,398902,724
theguardian.com,TW,398902,425
dailytelegraph.com.au,TW,398902,216
gulfnews.com,TW,398902,447
kenyastar.com,TW,398902,52
timesofisrael.com,TW,398902,75
MentionSourceName,ActionGeo_CountryCode,Number_events_country,Number_events_source
washingtonpost.com,GV,61103,314
rt.com,GV,61103,19
theguardian.com,GV,61103,194
gulfnews.com,GV,61103,89
france24.com,GV,61103,166
kenyastar.com,GV,61103,15
thejakartapost.com,GV,61103,21
japantimes.co.jp,GV,61103,45
timesofisrael.com,GV,61103,27
dailytelegraph.com.au,GV,61103,55
thehindu.com,GV,61103,56
chinadaily.com.cn,GV,61103,35
MentionSourceName,ActionGeo_CountryCode,Number_events_country,Number_events_source
kenyastar.com,SU,515763,1475
theguardian.com,SU,515763,1027
france24.com,SU,515763,944
washingtonpost.com,SU,515763,1289
chinadaily.com.cn,SU,515763,194
gulfnews.com,SU,515763,849
thejakartapost.com,SU,515763,156
timesofisrael.com,SU,515763,350
thehindu.com,SU,515763,271
japantimes.co.jp,SU,515763,293
dailytelegraph.com.au,SU,515763,160
rt.com,SU,515763,93
MentionSourceName,ActionGeo_CountryCode,Number_events_country,Number_events_source
thehindu.com,BD,57798,16
rt.com,BD,57798,5
theguardian.com,BD,57798,42
dailytelegraph.com.au,BD,57798,17
france24.com,BD,57798,6
washingtonpost.com,BD,57798,56
gulfnews.com,BD,57798,10
japantimes.co.jp,BD,57798,5
thejakartapost.com,BD,57798,2
timesofisrael.com,BD,57798,1
kenyastar.com,BD,57798,1
MentionSourceName,ActionGeo_CountryCode,Number_events_country,Number_events_source
washingtonpost.com,TO,25173,70
france24.com,TO,25173,152
timesofisrael.com,TO,25173,14
theguardian.com,TO,25173,9
gulfnews.com,TO,25173,40
thehindu.com,TO,25173,24
chinadaily.com.cn,TO,25173,12
rt.com,TO,25173,5
dailytelegraph.com.au,TO,25173,3
japantimes.co.jp,TO,25173,5
kenyastar.com,TO,25173,3
gulfnews.com,WI,16322,32
thehindu.com,WI,16322,5
washingtonpost.com,WI,16322,44
timesofisrael.com,WI,16322,9
france24.com,WI,16322,27
dailytelegraph.com.au,WI,16322,7
theguardian.com,WI,16322,11
chinadaily.com.cn,WI,16322,3
thejakartapost.com,WI,16322,5
kenyastar.com,WI,16322,3
MentionSourceName,ActionGeo_CountryCode,Number_events_country,Number_events_source
theguardian.com,FK,1511,1
washingtonpost.com,FK,1511,4
thejakartapost.com,ID,972649,66781
kenyastar.com,ID,972649,101
dailytelegraph.com.au,ID,972649,4094
france24.com,ID,972649,1351
washingtonpost.com,ID,972649,2584
japantimes.co.jp,ID,972649,1291
chinadaily.com.cn,ID,972649,853
gulfnews.com,ID,972649,1766
theguardian.com,ID,972649,2201
thehindu.com,ID,972649,1114
timesofisrael.com,ID,972649,208
rt.com,ID,972649,253
washingtonpost.com,LY,530590,3459
rt.com,LY,530590,1249
france24.com,LY,530590,2475
gulfnews.com,LY,530590,2489
japantimes.co.jp,LY,530590,1111
theguardian.com,LY,530590,2042
dailytelegraph.com.au,LY,530590,377
thehindu.com,LY,530590,648
thejakartapost.com,LY,530590,241
chinadaily.com.cn,LY,530590,255
timesofisrael.com,LY,530590,626
kenyastar.com,LY,530590,113
MentionSourceName,ActionGeo_CountryCode,Number_events_country,Number_events_source
theguardian.com,IV,66893,180
washingtonpost.com,IV,66893,343
france24.com,IV,66893,482
gulfnews.com,IV,66893,183
kenyastar.com,IV,66893,166
japantimes.co.jp,IV,66893,26
dailytelegraph.com.au,IV,66893,67
thehindu.com,IV,66893,65
timesofisrael.com,IV,66893,13
thejakartapost.com,IV,66893,21
rt.com,IV,66893,11
chinadaily.com.cn,IV,66893,19
MentionSourceName,ActionGeo_CountryCode,Number_events_country,Number_events_source
chinadaily.com.cn,TP,3087,23
japantimes.co.jp,TP,3087,5
thehindu.com,TP,3087,7
washingtonpost.com,TP,3087,10
gulfnews.com,TP,3087,5
france24.com,TP,3087,3
thejakartapost.com,TP,3087,5
dailytelegraph.com.au,TP,3087,2
MentionSourceName,ActionGeo_CountryCode,Number_events_country,Number_events_source
chinadaily.com.cn,AU,393200,244
thejakartapost.com,AU,393200,308
japantimes.co.jp,AU,393200,470
theguardian.com,AU,393200,1013
thehindu.com,AU,393200,358
timesofisrael.com,AU,393200,1000
rt.com,AU,393200,903
washingtonpost.com,AU,393200,1678
gulfnews.com,AU,393200,1061
france24.com,AU,393200,1185
dailytelegraph.com.au,AU,393200,398
kenyastar.com,AU,393200,43
washingtonpost.com,GZ,68017,184
timesofisrael.com,GZ,68017,1063
gulfnews.com,GZ,68017,154
japantimes.co.jp,GZ,68017,46
thehindu.com,GZ,68017,56
thejakartapost.com,GZ,68017,23
rt.com,GZ,68017,46
france24.com,GZ,68017,205
theguardian.com,GZ,68017,32
chinadaily.com.cn,GZ,68017,23
dailytelegraph.com.au,GZ,68017,5
kenyastar.com,GZ,68017,4
thehindu.com,PK,3495626,17244
gulfnews.com,PK,3495626,14421
washingtonpost.com,PK,3495626,6490
chinadaily.com.cn,PK,3495626,1122
theguardian.com,PK,3495626,2769
france24.com,PK,3495626,2139
timesofisrael.com,PK,3495626,773
dailytelegraph.com.au,PK,3495626,668
japantimes.co.jp,PK,3495626,1119
thejakartapost.com,PK,3495626,979
kenyastar.com,PK,3495626,327
rt.com,PK,3495626,839
theguardian.com,SA,1506766,2719
japantimes.co.jp,SA,1506766,1508
thejakartapost.com,SA,1506766,1681
dailytelegraph.com.au,SA,1506766,850
gulfnews.com,SA,1506766,11251
france24.com,SA,1506766,3912
timesofisrael.com,SA,1506766,3333
rt.com,SA,1506766,2781
washingtonpost.com,SA,1506766,5693
thehindu.com,SA,1506766,2702
chinadaily.com.cn,SA,1506766,728
kenyastar.com,SA,1506766,138
MentionSourceName,ActionGeo_CountryCode,Number_events_country,Number_events_source
washingtonpost.com,BL,71578,388
gulfnews.com,BL,71578,77
theguardian.com,BL,71578,236
dailytelegraph.com.au,BL,71578,106
france24.com,BL,71578,202
timesofisrael.com,BL,71578,25
rt.com,BL,71578,60
chinadaily.com.cn,BL,71578,34
thehindu.com,BL,71578,86
thejakartapost.com,BL,71578,22
japantimes.co.jp,BL,71578,56
kenyastar.com,BL,71578,9
theguardian.com,BM,362434,900
dailytelegraph.com.au,BM,362434,145
gulfnews.com,BM,362434,978
france24.com,BM,362434,513
thejakartapost.com,BM,362434,516
washingtonpost.com,BM,362434,1815
timesofisrael.com,BM,362434,42
thehindu.com,BM,362434,623
japantimes.co.jp,BM,362434,522
chinadaily.com.cn,BM,362434,206
rt.com,BM,362434,28
kenyastar.com,BM,362434,26
timesofisrael.com,CA,4162240,1715
thehindu.com,CA,4162240,1360
theguardian.com,CA,4162240,5446
chinadaily.com.cn,CA,4162240,1335
gulfnews.com,CA,4162240,2973
rt.com,CA,4162240,981
washingtonpost.com,CA,4162240,6828
japantimes.co.jp,CA,4162240,1579
dailytelegraph.com.au,CA,4162240,1480
france24.com,CA,4162240,1737
kenyastar.com,CA,4162240,238
thejakartapost.com,CA,4162240,699
MentionSourceName,ActionGeo_CountryCode,Number_events_country,Number_events_source
washingtonpost.com,CT,81686,657
thehindu.com,CT,81686,51
thejakartapost.com,CT,81686,72
japantimes.co.jp,CT,81686,100
france24.com,CT,81686,397
gulfnews.com,CT,81686,191
theguardian.com,CT,81686,229
chinadaily.com.cn,CT,81686,28
dailytelegraph.com.au,CT,81686,24
kenyastar.com,CT,81686,25
timesofisrael.com,CT,81686,29
rt.com,CT,81686,31
washingtonpost.com,NE,2153,3
dailytelegraph.com.au,NE,2153,2
timesofisrael.com,UZ,122125,46
dailytelegraph.com.au,UZ,122125,19
france24.com,UZ,122125,111
rt.com,UZ,122125,64
washingtonpost.com,UZ,122125,191
theguardian.com,UZ,122125,210
chinadaily.com.cn,UZ,122125,232
thehindu.com,UZ,122125,141
gulfnews.com,UZ,122125,95
kenyastar.com,UZ,122125,25
japantimes.co.jp,UZ,122125,83
thejakartapost.com,UZ,122125,18
MentionSourceName,ActionGeo_CountryCode,Number_events_country,Number_events_source
france24.com,GB,26056,218
chinadaily.com.cn,GB,26056,12
gulfnews.com,GB,26056,96
thehindu.com,GB,26056,15
japantimes.co.jp,GB,26056,16
theguardian.com,GB,26056,78
washingtonpost.com,GB,26056,96
kenyastar.com,GB,26056,15
timesofisrael.com,GB,26056,2
rt.com,GB,26056,3
dailytelegraph.com.au,GB,26056,11
thejakartapost.com,GB,26056,4
washingtonpost.com,MT,212230,255
dailytelegraph.com.au,MT,212230,114
theguardian.com,MT,212230,316
france24.com,MT,212230,197
rt.com,MT,212230,44
gulfnews.com,MT,212230,134
japantimes.co.jp,MT,212230,55
chinadaily.com.cn,MT,212230,25
thehindu.com,MT,212230,44
timesofisrael.com,MT,212230,37
thejakartapost.com,MT,212230,24
kenyastar.com,MT,212230,7
MentionSourceName,ActionGeo_CountryCode,Number_events_country,Number_events_source
thejakartapost.com,BR,603735,402
france24.com,BR,603735,2466
chinadaily.com.cn,BR,603735,959
gulfnews.com,BR,603735,1478
washingtonpost.com,BR,603735,3378
japantimes.co.jp,BR,603735,661
dailytelegraph.com.au,BR,603735,691
theguardian.com,BR,603735,1886
rt.com,BR,603735,568
timesofisrael.com,BR,603735,464
thehindu.com,BR,603735,602
kenyastar.com,BR,603735,188
dailytelegraph.com.au,KZ,192051,67
washingtonpost.com,KZ,192051,308
chinadaily.com.cn,KZ,192051,512
thehindu.com,KZ,192051,270
rt.com,KZ,192051,245
thejakartapost.com,KZ,192051,57
theguardian.com,KZ,192051,197
france24.com,KZ,192051,275
japantimes.co.jp,KZ,192051,94
gulfnews.com,KZ,192051,317
timesofisrael.com,KZ,192051,151
kenyastar.com,KZ,192051,21
MentionSourceName,ActionGeo_CountryCode,Number_events_country,Number_events_source
washingtonpost.com,BY,149896,962
france24.com,BY,149896,757
gulfnews.com,BY,149896,365
theguardian.com,BY,149896,627
dailytelegraph.com.au,BY,149896,77
timesofisrael.com,BY,149896,60
thehindu.com,BY,149896,53
kenyastar.com,BY,149896,77
japantimes.co.jp,BY,149896,72
chinadaily.com.cn,BY,149896,29
thejakartapost.com,BY,149896,43
rt.com,BY,149896,12
theguardian.com,HO,84820,373
dailytelegraph.com.au,HO,84820,54
washingtonpost.com,HO,84820,542
thejakartapost.com,HO,84820,33
france24.com,HO,84820,176
japantimes.co.jp,HO,84820,46
gulfnews.com,HO,84820,51
chinadaily.com.cn,HO,84820,16
timesofisrael.com,HO,84820,24
thehindu.com,HO,84820,30
rt.com,HO,84820,26
kenyastar.com,HO,84820,5
dailytelegraph.com.au,NC,6746,60
timesofisrael.com,NC,6746,7
france24.com,NC,6746,2
japantimes.co.jp,NC,6746,2
theguardian.com,NC,6746,24
washingtonpost.com,NC,6746,3
thehindu.com,NC,6746,1
MentionSourceName,ActionGeo_CountryCode,Number_events_country,Number_events_source
washingtonpost.com,VT,61996,335
theguardian.com,VT,61996,108
gulfnews.com,VT,61996,118
japantimes.co.jp,VT,61996,53
rt.com,VT,61996,33
thejakartapost.com,VT,61996,52
france24.com,VT,61996,68
kenyastar.com,VT,61996,1
dailytelegraph.com.au,VT,61996,16
timesofisrael.com,VT,61996,57
thehindu.com,VT,61996,30
chinadaily.com.cn,VT,61996,2
MentionSourceName,ActionGeo_CountryCode,Number_events_country,Number_events_source
japantimes.co.jp,EN,103002,67
theguardian.com,EN,103002,148
gulfnews.com,EN,103002,99
rt.com,EN,103002,339
france24.com,EN,103002,198
thehindu.com,EN,103002,61
washingtonpost.com,EN,103002,239
dailytelegraph.com.au,EN,103002,18
chinadaily.com.cn,EN,103002,68
timesofisrael.com,EN,103002,24
thejakartapost.com,EN,103002,12
kenyastar.com,EN,103002,3
theguardian.com,GK,27563,67
gulfnews.com,GK,27563,4
washingtonpost.com,GK,27563,5
kenyastar.com,GK,27563,3
rt.com,GK,27563,4
thehindu.com,GK,27563,1
timesofisrael.com,GK,27563,2
washingtonpost.com,GT,114786,973
france24.com,GT,114786,348
kenyastar.com,GT,114786,63
thehindu.com,GT,114786,49
theguardian.com,GT,114786,378
dailytelegraph.com.au,GT,114786,44
japantimes.co.jp,GT,114786,78
timesofisrael.com,GT,114786,61
gulfnews.com,GT,114786,137
rt.com,GT,114786,31
thejakartapost.com,GT,114786,51
chinadaily.com.cn,GT,114786,2
washingtonpost.com,MD,74674,373
chinadaily.com.cn,MD,74674,14
rt.com,MD,74674,106
timesofisrael.com,MD,74674,52
theguardian.com,MD,74674,71
dailytelegraph.com.au,MD,74674,20
gulfnews.com,MD,74674,37
france24.com,MD,74674,66
japantimes.co.jp,MD,74674,9
thejakartapost.com,MD,74674,6
thehindu.com,MD,74674,4
kenyastar.com,MD,74674,4
MentionSourceName,ActionGeo_CountryCode,Number_events_country,Number_events_source
theguardian.com,IO,725,28
thehindu.com,IO,725,4
theguardian.com,RB,132112,216
washingtonpost.com,RB,132112,497
rt.com,RB,132112,218
thejakartapost.com,RB,132112,51
france24.com,RB,132112,399
japantimes.co.jp,RB,132112,95
chinadaily.com.cn,RB,132112,81
timesofisrael.com,RB,132112,53
gulfnews.com,RB,132112,132
dailytelegraph.com.au,RB,132112,55
thehindu.com,RB,132112,26
kenyastar.com,RB,132112,14
MentionSourceName,ActionGeo_CountryCode,Number_events_country,Number_events_source
japantimes.co.jp,GJ,35792,10
theguardian.com,GJ,35792,39
timesofisrael.com,GJ,35792,6
washingtonpost.com,GJ,35792,54
thehindu.com,GJ,35792,20
kenyastar.com,GJ,35792,1
dailytelegraph.com.au,GJ,35792,6
france24.com,GJ,35792,2
gulfnews.com,GJ,35792,11
thejakartapost.com,GJ,35792,1
france24.com,SP,897455,2938
washingtonpost.com,SP,897455,4094
thejakartapost.com,SP,897455,410
dailytelegraph.com.au,SP,897455,803
kenyastar.com,SP,897455,95
japantimes.co.jp,SP,897455,795
theguardian.com,SP,897455,3342
gulfnews.com,SP,897455,1587
chinadaily.com.cn,SP,897455,509
timesofisrael.com,SP,897455,949
thehindu.com,SP,897455,630
rt.com,SP,897455,840
MentionSourceName,ActionGeo_CountryCode,Number_events_country,Number_events_source
theguardian.com,BH,119036,63
washingtonpost.com,BH,119036,85
gulfnews.com,BH,119036,19
thehindu.com,BH,119036,5
france24.com,BH,119036,11
rt.com,BH,119036,8
japantimes.co.jp,BH,119036,17
timesofisrael.com,BH,119036,5
dailytelegraph.com.au,BH,119036,19
thejakartapost.com,BH,119036,2
japantimes.co.jp,EC,119786,78
gulfnews.com,EC,119786,180
dailytelegraph.com.au,EC,119786,201
washingtonpost.com,EC,119786,520
chinadaily.com.cn,EC,119786,302
france24.com,EC,119786,210
rt.com,EC,119786,95
thejakartapost.com,EC,119786,52
timesofisrael.com,EC,119786,69
thehindu.com,EC,119786,88
theguardian.com,EC,119786,353
kenyastar.com,EC,119786,4
gulfnews.com,ES,89685,75
washingtonpost.com,ES,89685,1061
thejakartapost.com,ES,89685,40
theguardian.com,ES,89685,341
france24.com,ES,89685,106
thehindu.com,ES,89685,28
japantimes.co.jp,ES,89685,79
rt.com,ES,89685,30
dailytelegraph.com.au,ES,89685,71
timesofisrael.com,ES,89685,38
kenyastar.com,ES,89685,9
chinadaily.com.cn,ES,89685,15
timesofisrael.com,IR,2528883,14709
washingtonpost.com,IR,2528883,14501
theguardian.com,IR,2528883,5622
dailytelegraph.com.au,IR,2528883,1291
france24.com,IR,2528883,5640
gulfnews.com,IR,2528883,9540
thejakartapost.com,IR,2528883,1434
japantimes.co.jp,IR,2528883,2850
thehindu.com,IR,2528883,2803
rt.com,IR,2528883,3314
chinadaily.com.cn,IR,2528883,1182
kenyastar.com,IR,2528883,772
washingtonpost.com,MO,228651,899
rt.com,MO,228651,76
gulfnews.com,MO,228651,894
france24.com,MO,228651,779
thehindu.com,MO,228651,178
dailytelegraph.com.au,MO,228651,149
kenyastar.com,MO,228651,96
theguardian.com,MO,228651,484
timesofisrael.com,MO,228651,414
japantimes.co.jp,MO,228651,139
thejakartapost.com,MO,228651,75
chinadaily.com.cn,MO,228651,88
theguardian.com,NR,33224,1448
dailytelegraph.com.au,NR,33224,395
japantimes.co.jp,NR,33224,33
timesofisrael.com,NR,33224,1
gulfnews.com,NR,33224,150
france24.com,NR,33224,37
washingtonpost.com,NR,33224,69
thejakartapost.com,NR,33224,47
rt.com,NR,33224,31
thehindu.com,NR,33224,19
chinadaily.com.cn,NR,33224,3
kenyastar.com,NR,33224,5
MentionSourceName,ActionGeo_CountryCode,Number_events_country,Number_events_source
timesofisrael.com,VI,13677,8
france24.com,VI,13677,20
theguardian.com,VI,13677,63
washingtonpost.com,VI,13677,19
dailytelegraph.com.au,VI,13677,5
rt.com,VI,13677,7
thejakartapost.com,VI,13677,7
gulfnews.com,VI,13677,9
thehindu.com,VI,13677,4
japantimes.co.jp,VI,13677,2
chinadaily.com.cn,VI,13677,2
MentionSourceName,ActionGeo_CountryCode,Number_events_country,Number_events_source
thehindu.com,PO,211090,369
france24.com,PO,211090,502
washingtonpost.com,PO,211090,783
thejakartapost.com,PO,211090,64
theguardian.com,PO,211090,580
dailytelegraph.com.au,PO,211090,202
rt.com,PO,211090,76
gulfnews.com,PO,211090,368
timesofisrael.com,PO,211090,184
kenyastar.com,PO,211090,11
japantimes.co.jp,PO,211090,127
chinadaily.com.cn,PO,211090,165
MentionSourceName,ActionGeo_CountryCode,Number_events_country,Number_events_source
theguardian.com,MR,28881,117
timesofisrael.com,MR,28881,30
gulfnews.com,MR,28881,97
japantimes.co.jp,MR,28881,47
france24.com,MR,28881,90
washingtonpost.com,MR,28881,108
dailytelegraph.com.au,MR,28881,6
kenyastar.com,MR,28881,3
chinadaily.com.cn,MR,28881,16
rt.com,MR,28881,10
thehindu.com,MR,28881,7
washingtonpost.com,VE,357396,2598
france24.com,VE,357396,2251
rt.com,VE,357396,341
theguardian.com,VE,357396,652
gulfnews.com,VE,357396,902
thehindu.com,VE,357396,269
japantimes.co.jp,VE,357396,390
chinadaily.com.cn,VE,357396,159
timesofisrael.com,VE,357396,149
dailytelegraph.com.au,VE,357396,92
kenyastar.com,VE,357396,44
thejakartapost.com,VE,357396,95
MentionSourceName,ActionGeo_CountryCode,Number_events_country,Number_events_source
washingtonpost.com,MB,3825,4
theguardian.com,MB,3825,5
timesofisrael.com,MB,3825,3
gulfnews.com,MB,3825,2
thehindu.com,MB,3825,1
thejakartapost.com,MB,3825,1
france24.com,MB,3825,3
rt.com,MB,3825,1
chinadaily.com.cn,MB,3825,1
kenyastar.com,OD,232300,1065
chinadaily.com.cn,OD,232300,157
france24.com,OD,232300,525
gulfnews.com,OD,232300,310
dailytelegraph.com.au,OD,232300,52
washingtonpost.com,OD,232300,1270
theguardian.com,OD,232300,507
japantimes.co.jp,OD,232300,324
thehindu.com,OD,232300,199
timesofisrael.com,OD,232300,56
thejakartapost.com,OD,232300,61
rt.com,OD,232300,25
MentionSourceName,ActionGeo_CountryCode,Number_events_country,Number_events_source
washingtonpost.com,ZA,275364,122
theguardian.com,ZA,275364,130
gulfnews.com,ZA,275364,71
thehindu.com,ZA,275364,21
france24.com,ZA,275364,105
kenyastar.com,ZA,275364,41
chinadaily.com.cn,ZA,275364,53
rt.com,ZA,275364,12
timesofisrael.com,ZA,275364,8
dailytelegraph.com.au,ZA,275364,41
japantimes.co.jp,ZA,275364,6
thejakartapost.com,ZA,275364,7
MentionSourceName,ActionGeo_CountryCode,Number_events_country,Number_events_source
washingtonpost.com,SF,2115270,2591
theguardian.com,SF,2115270,2816
thejakartapost.com,SF,2115270,298
timesofisrael.com,SF,2115270,545
france24.com,SF,2115270,1767
chinadaily.com.cn,SF,2115270,803
thehindu.com,SF,2115270,1123
gulfnews.com,SF,2115270,1984
japantimes.co.jp,SF,2115270,344
dailytelegraph.com.au,SF,2115270,702
kenyastar.com,SF,2115270,1171
rt.com,SF,2115270,236
MentionSourceName,ActionGeo_CountryCode,Number_events_country,Number_events_source
washingtonpost.com,KR,10467,37
theguardian.com,KR,10467,45
japantimes.co.jp,KR,10467,37
dailytelegraph.com.au,KR,10467,14
gulfnews.com,KR,10467,15
france24.com,KR,10467,4
thejakartapost.com,KR,10467,15
thehindu.com,KR,10467,3
MentionSourceName,ActionGeo_CountryCode,Number_events_country,Number_events_source
theguardian.com,TZ,287883,520
france24.com,TZ,287883,178
washingtonpost.com,TZ,287883,488
kenyastar.com,TZ,287883,349
rt.com,TZ,287883,21
thehindu.com,TZ,287883,266
dailytelegraph.com.au,TZ,287883,88
chinadaily.com.cn,TZ,287883,70
gulfnews.com,TZ,287883,211
thejakartapost.com,TZ,287883,25
timesofisrael.com,TZ,287883,24
japantimes.co.jp,TZ,287883,45
washingtonpost.com,WA,150396,95
thehindu.com,WA,150396,82
dailytelegraph.com.au,WA,150396,31
kenyastar.com,WA,150396,23
theguardian.com,WA,150396,88
chinadaily.com.cn,WA,150396,60
gulfnews.com,WA,150396,27
timesofisrael.com,WA,150396,13
france24.com,WA,150396,35
rt.com,WA,150396,6
japantimes.co.jp,WA,150396,19
thejakartapost.com,WA,150396,7
MentionSourceName,ActionGeo_CountryCode,Number_events_country,Number_events_source
washingtonpost.com,AQ,8624,65
thejakartapost.com,AQ,8624,8
timesofisrael.com,AQ,8624,3
thehindu.com,AQ,8624,4
japantimes.co.jp,AQ,8624,6
theguardian.com,AQ,8624,5
rt.com,AQ,8624,3
gulfnews.com,AQ,8624,1
france24.com,AQ,8624,2
dailytelegraph.com.au,AQ,8624,2
washingtonpost.com,RS,4271064,25867
japantimes.co.jp,RS,4271064,8229
rt.com,RS,4271064,18990
theguardian.com,RS,4271064,11870
timesofisrael.com,RS,4271064,7647
gulfnews.com,RS,4271064,9330
thehindu.com,RS,4271064,4951
france24.com,RS,4271064,11111
chinadaily.com.cn,RS,4271064,4301
dailytelegraph.com.au,RS,4271064,3542
thejakartapost.com,RS,4271064,2169
kenyastar.com,RS,4271064,913
washingtonpost.com,US,58158596,539899
theguardian.com,US,58158596,95919
dailytelegraph.com.au,US,58158596,27177
timesofisrael.com,US,58158596,41393
japantimes.co.jp,US,58158596,39555
thehindu.com,US,58158596,21206
rt.com,US,58158596,28345
kenyastar.com,US,58158596,3771
chinadaily.com.cn,US,58158596,16636
gulfnews.com,US,58158596,44737
thejakartapost.com,US,58158596,11577
france24.com,US,58158596,24086
MentionSourceName,ActionGeo_CountryCode,Number_events_country,Number_events_source
rt.com,LH,104012,270
timesofisrael.com,LH,104012,262
theguardian.com,LH,104012,175
washingtonpost.com,LH,104012,285
dailytelegraph.com.au,LH,104012,26
japantimes.co.jp,LH,104012,50
thehindu.com,LH,104012,14
chinadaily.com.cn,LH,104012,39
gulfnews.com,LH,104012,93
france24.com,LH,104012,208
thejakartapost.com,LH,104012,26
kenyastar.com,LH,104012,7
gulfnews.com,TS,215273,1145
theguardian.com,TS,215273,940
dailytelegraph.com.au,TS,215273,419
thehindu.com,TS,215273,188
washingtonpost.com,TS,215273,1168
france24.com,TS,215273,1015
japantimes.co.jp,TS,215273,338
rt.com,TS,215273,232
thejakartapost.com,TS,215273,183
timesofisrael.com,TS,215273,506
chinadaily.com.cn,TS,215273,122
kenyastar.com,TS,215273,61
MentionSourceName,ActionGeo_CountryCode,Number_events_country,Number_events_source
france24.com,EK,20183,59
theguardian.com,EK,20183,27
washingtonpost.com,EK,20183,46
gulfnews.com,EK,20183,44
rt.com,EK,20183,14
kenyastar.com,EK,20183,23
chinadaily.com.cn,EK,20183,13
dailytelegraph.com.au,EK,20183,8
thejakartapost.com,EK,20183,4
japantimes.co.jp,EK,20183,7
MentionSourceName,ActionGeo_CountryCode,Number_events_country,Number_events_source
france24.com,AL,116990,233
washingtonpost.com,AL,116990,709
japantimes.co.jp,AL,116990,76
gulfnews.com,AL,116990,106
theguardian.com,AL,116990,123
rt.com,AL,116990,94
dailytelegraph.com.au,AL,116990,28
chinadaily.com.cn,AL,116990,33
timesofisrael.com,AL,116990,72
thehindu.com,AL,116990,14
thejakartapost.com,AL,116990,16
kenyastar.com,AL,116990,3
MentionSourceName,ActionGeo_CountryCode,Number_events_country,Number_events_source
thejakartapost.com,MY,1208132,5180
chinadaily.com.cn,MY,1208132,965
gulfnews.com,MY,1208132,1652
theguardian.com,MY,1208132,1314
thehindu.com,MY,1208132,1444
washingtonpost.com,MY,1208132,1627
japantimes.co.jp,MY,1208132,1171
dailytelegraph.com.au,MY,1208132,1061
rt.com,MY,1208132,297
france24.com,MY,1208132,914
kenyastar.com,MY,1208132,140
timesofisrael.com,MY,1208132,137
MentionSourceName,ActionGeo_CountryCode,Number_events_country,Number_events_source
thehindu.com,IN,7356077,257635
thejakartapost.com,IN,7356077,1275
theguardian.com,IN,7356077,4043
rt.com,IN,7356077,689
washingtonpost.com,IN,7356077,4913
gulfnews.com,IN,7356077,27998
france24.com,IN,7356077,2066
dailytelegraph.com.au,IN,7356077,763
timesofisrael.com,IN,7356077,622
japantimes.co.jp,IN,7356077,1411
chinadaily.com.cn,IN,7356077,946
kenyastar.com,IN,7356077,1626
chinadaily.com.cn,JM,294742,37
thejakartapost.com,JM,294742,21
dailytelegraph.com.au,JM,294742,45
washingtonpost.com,JM,294742,439
france24.com,JM,294742,27
theguardian.com,JM,294742,376
rt.com,JM,294742,41
gulfnews.com,JM,294742,35
timesofisrael.com,JM,294742,56
japantimes.co.jp,JM,294742,45
thehindu.com,JM,294742,21
kenyastar.com,JM,294742,8
MentionSourceName,ActionGeo_CountryCode,Number_events_country,Number_events_source
washingtonpost.com,GM,2337771,12246
dailytelegraph.com.au,GM,2337771,2482
thejakartapost.com,GM,2337771,1710
france24.com,GM,2337771,6842
gulfnews.com,GM,2337771,5102
timesofisrael.com,GM,2337771,6257
thehindu.com,GM,2337771,3158
rt.com,GM,2337771,6411
chinadaily.com.cn,GM,2337771,2560
theguardian.com,GM,2337771,8789
japantimes.co.jp,GM,2337771,2941
kenyastar.com,GM,2337771,405
MentionSourceName,ActionGeo_CountryCode,Number_events_country,Number_events_source
washingtonpost.com,BK,52989,327
gulfnews.com,BK,52989,85
rt.com,BK,52989,46
france24.com,BK,52989,228
theguardian.com,BK,52989,135
dailytelegraph.com.au,BK,52989,22
chinadaily.com.cn,BK,52989,9
timesofisrael.com,BK,52989,45
japantimes.co.jp,BK,52989,25
thehindu.com,BK,52989,10
kenyastar.com,BK,52989,7
thejakartapost.com,BK,52989,12
MentionSourceName,ActionGeo_CountryCode,Number_events_country,Number_events_source
gulfnews.com,AE,580312,32666
washingtonpost.com,AE,580312,1237
chinadaily.com.cn,AE,580312,153
thehindu.com,AE,580312,1459
kenyastar.com,AE,580312,173
japantimes.co.jp,AE,580312,199
dailytelegraph.com.au,AE,580312,320
theguardian.com,AE,580312,488
france24.com,AE,580312,408
thejakartapost.com,AE,580312,265
rt.com,AE,580312,194
timesofisrael.com,AE,580312,267
washingtonpost.com,KV,60665,383
rt.com,KV,60665,112
france24.com,KV,60665,140
japantimes.co.jp,KV,60665,16
gulfnews.com,KV,60665,59
thejakartapost.com,KV,60665,18
timesofisrael.com,KV,60665,13
chinadaily.com.cn,KV,60665,12
dailytelegraph.com.au,KV,60665,16
theguardian.com,KV,60665,72
thehindu.com,KV,60665,10
kenyastar.com,KV,60665,5
MentionSourceName,ActionGeo_CountryCode,Number_events_country,Number_events_source
theguardian.com,CM,145136,233
kenyastar.com,CM,145136,39
gulfnews.com,CM,145136,205
france24.com,CM,145136,275
dailytelegraph.com.au,CM,145136,37
washingtonpost.com,CM,145136,427
thehindu.com,CM,145136,58
chinadaily.com.cn,CM,145136,32
rt.com,CM,145136,38
japantimes.co.jp,CM,145136,107
timesofisrael.com,CM,145136,19
thejakartapost.com,CM,145136,21
MentionSourceName,ActionGeo_CountryCode,Number_events_country,Number_events_source
rt.com,MJ,27760,83
france24.com,MJ,27760,93
washingtonpost.com,MJ,27760,220
theguardian.com,MJ,27760,34
gulfnews.com,MJ,27760,39
japantimes.co.jp,MJ,27760,22
thehindu.com,MJ,27760,15
timesofisrael.com,MJ,27760,20
dailytelegraph.com.au,MJ,27760,12
chinadaily.com.cn,MJ,27760,14
thejakartapost.com,MJ,27760,12
kenyastar.com,MJ,27760,7
washingtonpost.com,RW,247494,704
france24.com,RW,247494,386
chinadaily.com.cn,RW,247494,118
timesofisrael.com,RW,247494,193
kenyastar.com,RW,247494,235
theguardian.com,RW,247494,499
gulfnews.com,RW,247494,237
thehindu.com,RW,247494,138
rt.com,RW,247494,54
dailytelegraph.com.au,RW,247494,91
japantimes.co.jp,RW,247494,62
thejakartapost.com,RW,247494,24
MentionSourceName,ActionGeo_CountryCode,Number_events_country,Number_events_source
japantimes.co.jp,FR,2821917,4359
france24.com,FR,2821917,26143
timesofisrael.com,FR,2821917,7473
dailytelegraph.com.au,FR,2821917,4398
washingtonpost.com,FR,2821917,15121
theguardian.com,FR,2821917,14237
thehindu.com,FR,2821917,4569
thejakartapost.com,FR,2821917,2556
gulfnews.com,FR,2821917,8168
rt.com,FR,2821917,4926
chinadaily.com.cn,FR,2821917,2586
kenyastar.com,FR,2821917,557
MentionSourceName,ActionGeo_CountryCode,Number_events_country,Number_events_source
france24.com,AJ,387021,178
theguardian.com,AJ,387021,232
gulfnews.com,AJ,387021,158
washingtonpost.com,AJ,387021,347
timesofisrael.com,AJ,387021,253
thehindu.com,AJ,387021,37
rt.com,AJ,387021,50
kenyastar.com,AJ,387021,56
japantimes.co.jp,AJ,387021,50
thejakartapost.com,AJ,387021,34
dailytelegraph.com.au,AJ,387021,28
chinadaily.com.cn,AJ,387021,67
MentionSourceName,ActionGeo_CountryCode,Number_events_country,Number_events_source
thejakartapost.com,DA,269619,200
dailytelegraph.com.au,DA,269619,273
washingtonpost.com,DA,269619,1281
timesofisrael.com,DA,269619,363
theguardian.com,DA,269619,1187
chinadaily.com.cn,DA,269619,287
france24.com,DA,269619,509
rt.com,DA,269619,571
gulfnews.com,DA,269619,458
japantimes.co.jp,DA,269619,249
kenyastar.com,DA,269619,36
thehindu.com,DA,269619,506
theguardian.com,KQ,9,1
MentionSourceName,ActionGeo_CountryCode,Number_events_country,Number_events_source
chinadaily.com.cn,CH,4837175,129110
dailytelegraph.com.au,CH,4837175,4790
france24.com,CH,4837175,7366
thejakartapost.com,CH,4837175,8429
washingtonpost.com,CH,4837175,18930
rt.com,CH,4837175,3772
japantimes.co.jp,CH,4837175,13775
theguardian.com,CH,4837175,11628
thehindu.com,CH,4837175,11166
gulfnews.com,CH,4837175,10453
timesofisrael.com,CH,4837175,1589
kenyastar.com,CH,4837175,732
dailytelegraph.com.au,MG,67544,137
chinadaily.com.cn,MG,67544,407
gulfnews.com,MG,67544,83
france24.com,MG,67544,128
theguardian.com,MG,67544,93
japantimes.co.jp,MG,67544,154
thehindu.com,MG,67544,156
washingtonpost.com,MG,67544,187
thejakartapost.com,MG,67544,38
rt.com,MG,67544,21
kenyastar.com,MG,67544,12
timesofisrael.com,MG,67544,5
MentionSourceName,ActionGeo_CountryCode,Number_events_country,Number_events_source
thejakartapost.com,TN,24451,7
chinadaily.com.cn,TN,24451,25
washingtonpost.com,TN,24451,30
japantimes.co.jp,TN,24451,15
gulfnews.com,TN,24451,19
theguardian.com,TN,24451,11
thehindu.com,TN,24451,5
france24.com,TN,24451,13
dailytelegraph.com.au,TN,24451,10
MentionSourceName,ActionGeo_CountryCode,Number_events_country,Number_events_source
theguardian.com,GQ,91566,84
washingtonpost.com,GQ,91566,401
dailytelegraph.com.au,GQ,91566,43
thejakartapost.com,GQ,91566,47
japantimes.co.jp,GQ,91566,189
rt.com,GQ,91566,30
france24.com,GQ,91566,67
chinadaily.com.cn,GQ,91566,37
thehindu.com,GQ,91566,36
timesofisrael.com,GQ,91566,16
gulfnews.com,GQ,91566,21
kenyastar.com,GQ,91566,2
MentionSourceName,ActionGeo_CountryCode,Number_events_country,Number_events_source
washingtonpost.com,NU,57397,273
theguardian.com,NU,57397,127
dailytelegraph.com.au,NU,57397,17
france24.com,NU,57397,111
gulfnews.com,NU,57397,59
japantimes.co.jp,NU,57397,68
rt.com,NU,57397,19
timesofisrael.com,NU,57397,19
thehindu.com,NU,57397,21
thejakartapost.com,NU,57397,8
chinadaily.com.cn,NU,57397,6
MentionSourceName,ActionGeo_CountryCode,Number_events_country,Number_events_source
dailytelegraph.com.au,KT,3785,35
theguardian.com,KT,3785,84
thejakartapost.com,KT,3785,6
washingtonpost.com,KT,3785,5
japantimes.co.jp,KT,3785,3
france24.com,KT,3785,3
rt.com,KT,3785,1
dailytelegraph.com.au,TL,1262,1
theguardian.com,ZI,681718,877
washingtonpost.com,ZI,681718,1209
dailytelegraph.com.au,ZI,681718,413
chinadaily.com.cn,ZI,681718,225
thehindu.com,ZI,681718,87
thejakartapost.com,ZI,681718,104
gulfnews.com,ZI,681718,513
kenyastar.com,ZI,681718,224
rt.com,ZI,681718,88
france24.com,ZI,681718,353
japantimes.co.jp,ZI,681718,84
timesofisrael.com,ZI,681718,19
MentionSourceName,ActionGeo_CountryCode,Number_events_country,Number_events_source
washingtonpost.com,GR,970467,4669
france24.com,GR,970467,3335
gulfnews.com,GR,970467,2134
dailytelegraph.com.au,GR,970467,1765
theguardian.com,GR,970467,4345
japantimes.co.jp,GR,970467,1046
rt.com,GR,970467,1826
thejakartapost.com,GR,970467,909
thehindu.com,GR,970467,756
chinadaily.com.cn,GR,970467,778
timesofisrael.com,GR,970467,1068
kenyastar.com,GR,970467,138
rt.com,UP,895054,3900
dailytelegraph.com.au,UP,895054,541
gulfnews.com,UP,895054,884
washingtonpost.com,UP,895054,3133
france24.com,UP,895054,2123
japantimes.co.jp,UP,895054,1066
theguardian.com,UP,895054,1388
thejakartapost.com,UP,895054,210
timesofisrael.com,UP,895054,739
chinadaily.com.cn,UP,895054,317
thehindu.com,UP,895054,410
kenyastar.com,UP,895054,144
MentionSourceName,ActionGeo_CountryCode,Number_events_country,Number_events_source
france24.com,GI,34212,60
rt.com,GI,34212,34
dailytelegraph.com.au,GI,34212,17
timesofisrael.com,GI,34212,14
theguardian.com,GI,34212,154
japantimes.co.jp,GI,34212,21
washingtonpost.com,GI,34212,67
gulfnews.com,GI,34212,19
chinadaily.com.cn,GI,34212,9
kenyastar.com,GI,34212,2
thehindu.com,GI,34212,16
thejakartapost.com,GI,34212,6
washingtonpost.com,PA,36742,215
japantimes.co.jp,PA,36742,88
france24.com,PA,36742,65
theguardian.com,PA,36742,171
gulfnews.com,PA,36742,47
thehindu.com,PA,36742,18
thejakartapost.com,PA,36742,12
timesofisrael.com,PA,36742,38
rt.com,PA,36742,28
dailytelegraph.com.au,PA,36742,29
kenyastar.com,PA,36742,5
chinadaily.com.cn,PA,36742,2
theguardian.com,TD,182840,74
gulfnews.com,TD,182840,17
washingtonpost.com,TD,182840,123
chinadaily.com.cn,TD,182840,21
kenyastar.com,TD,182840,11
france24.com,TD,182840,9
japantimes.co.jp,TD,182840,5
dailytelegraph.com.au,TD,182840,11
timesofisrael.com,TD,182840,12
rt.com,TD,182840,1
thehindu.com,TD,182840,13
thejakartapost.com,TD,182840,3
MentionSourceName,ActionGeo_CountryCode,Number_events_country,Number_events_source
japantimes.co.jp,RP,2214262,3116
dailytelegraph.com.au,RP,2214262,890
france24.com,RP,2214262,2143
chinadaily.com.cn,RP,2214262,1431
gulfnews.com,RP,2214262,8166
washingtonpost.com,RP,2214262,3544
theguardian.com,RP,2214262,1489
thehindu.com,RP,2214262,890
timesofisrael.com,RP,2214262,222
thejakartapost.com,RP,2214262,3060
rt.com,RP,2214262,785
kenyastar.com,RP,2214262,201
MentionSourceName,ActionGeo_CountryCode,Number_events_country,Number_events_source
kenyastar.com,AG,154645,37
washingtonpost.com,AG,154645,506
theguardian.com,AG,154645,224
gulfnews.com,AG,154645,632
thehindu.com,AG,154645,130
timesofisrael.com,AG,154645,173
france24.com,AG,154645,461
japantimes.co.jp,AG,154645,83
dailytelegraph.com.au,AG,154645,66
rt.com,AG,154645,107
chinadaily.com.cn,AG,154645,45
thejakartapost.com,AG,154645,32
MentionSourceName,ActionGeo_CountryCode,Number_events_country,Number_events_source
rt.com,DJ,73618,54
thehindu.com,DJ,73618,155
theguardian.com,DJ,73618,120
france24.com,DJ,73618,179
washingtonpost.com,DJ,73618,276
japantimes.co.jp,DJ,73618,129
timesofisrael.com,DJ,73618,124
kenyastar.com,DJ,73618,90
gulfnews.com,DJ,73618,271
chinadaily.com.cn,DJ,73618,124
dailytelegraph.com.au,DJ,73618,36
thejakartapost.com,DJ,73618,39
chinadaily.com.cn,MC,26049,312
theguardian.com,MC,26049,48
gulfnews.com,MC,26049,8
france24.com,MC,26049,24
washingtonpost.com,MC,26049,55
thehindu.com,MC,26049,16
japantimes.co.jp,MC,26049,25
dailytelegraph.com.au,MC,26049,10
rt.com,MC,26049,4
thejakartapost.com,MC,26049,27
timesofisrael.com,MC,26049,1
kenyastar.com,MC,26049,1
MentionSourceName,ActionGeo_CountryCode,Number_events_country,Number_events_source
theguardian.com,HA,186385,400
washingtonpost.com,HA,186385,1544
thejakartapost.com,HA,186385,66
france24.com,HA,186385,517
kenyastar.com,HA,186385,63
dailytelegraph.com.au,HA,186385,118
gulfnews.com,HA,186385,206
timesofisrael.com,HA,186385,80
thehindu.com,HA,186385,42
japantimes.co.jp,HA,186385,118
chinadaily.com.cn,HA,186385,30
rt.com,HA,186385,69
MentionSourceName,ActionGeo_CountryCode,Number_events_country,Number_events_source
thejakartapost.com,BA,223321,102
gulfnews.com,BA,223321,2239
france24.com,BA,223321,493
washingtonpost.com,BA,223321,935
thehindu.com,BA,223321,239
timesofisrael.com,BA,223321,269
rt.com,BA,223321,511
japantimes.co.jp,BA,223321,152
theguardian.com,BA,223321,405
chinadaily.com.cn,BA,223321,37
dailytelegraph.com.au,BA,223321,62
kenyastar.com,BA,223321,18
gulfnews.com,JO,472375,1716
washingtonpost.com,JO,472375,2534
theguardian.com,JO,472375,822
rt.com,JO,472375,235
france24.com,JO,472375,678
thehindu.com,JO,472375,353
japantimes.co.jp,JO,472375,480
thejakartapost.com,JO,472375,190
timesofisrael.com,JO,472375,2584
kenyastar.com,JO,472375,61
chinadaily.com.cn,JO,472375,154
dailytelegraph.com.au,JO,472375,288
MentionSourceName,ActionGeo_CountryCode,Number_events_country,Number_events_source
japantimes.co.jp,ET,346913,152
washingtonpost.com,ET,346913,1126
timesofisrael.com,ET,346913,620
france24.com,ET,346913,380
theguardian.com,ET,346913,892
gulfnews.com,ET,346913,521
chinadaily.com.cn,ET,346913,179
rt.com,ET,346913,66
kenyastar.com,ET,346913,343
thehindu.com,ET,346913,230
thejakartapost.com,ET,346913,59
dailytelegraph.com.au,ET,346913,58
MentionSourceName,ActionGeo_CountryCode,Number_events_country,Number_events_source
washingtonpost.com,SG,92422,422
france24.com,SG,92422,355
gulfnews.com,SG,92422,231
theguardian.com,SG,92422,204
japantimes.co.jp,SG,92422,44
dailytelegraph.com.au,SG,92422,77
timesofisrael.com,SG,92422,41
thehindu.com,SG,92422,111
kenyastar.com,SG,92422,36
chinadaily.com.cn,SG,92422,37
thejakartapost.com,SG,92422,26
rt.com,SG,92422,17
MentionSourceName,ActionGeo_CountryCode,Number_events_country,Number_events_source
theguardian.com,EI,1444767,5162
washingtonpost.com,EI,1444767,1761
timesofisrael.com,EI,1444767,284
dailytelegraph.com.au,EI,1444767,600
gulfnews.com,EI,1444767,854
france24.com,EI,1444767,595
japantimes.co.jp,EI,1444767,244
rt.com,EI,1444767,619
chinadaily.com.cn,EI,1444767,183
thejakartapost.com,EI,1444767,128
thehindu.com,EI,1444767,493
kenyastar.com,EI,1444767,104
MentionSourceName,ActionGeo_CountryCode,Number_events_country,Number_events_source
france24.com,BF,202491,39
washingtonpost.com,BF,202491,308
gulfnews.com,BF,202491,61
thejakartapost.com,BF,202491,18
theguardian.com,BF,202491,161
chinadaily.com.cn,BF,202491,9
dailytelegraph.com.au,BF,202491,104
timesofisrael.com,BF,202491,7
thehindu.com,BF,202491,24
japantimes.co.jp,BF,202491,21
rt.com,BF,202491,19
kenyastar.com,BF,202491,3
MentionSourceName,ActionGeo_CountryCode,Number_events_country,Number_events_source
rt.com,CU,656232,557
france24.com,CU,656232,1628
washingtonpost.com,CU,656232,5313
theguardian.com,CU,656232,1563
gulfnews.com,CU,656232,1069
chinadaily.com.cn,CU,656232,921
dailytelegraph.com.au,CU,656232,545
thejakartapost.com,CU,656232,324
japantimes.co.jp,CU,656232,726
timesofisrael.com,CU,656232,513
kenyastar.com,CU,656232,74
thehindu.com,CU,656232,540
washingtonpost.com,IT,1332785,6050
gulfnews.com,IT,1332785,3006
theguardian.com,IT,1332785,5555
dailytelegraph.com.au,IT,1332785,1545
thehindu.com,IT,1332785,1577
france24.com,IT,1332785,3675
rt.com,IT,1332785,1486
japantimes.co.jp,IT,1332785,1888
thejakartapost.com,IT,1332785,758
timesofisrael.com,IT,1332785,1524
chinadaily.com.cn,IT,1332785,925
kenyastar.com,IT,1332785,235
MentionSourceName,ActionGeo_CountryCode,Number_events_country,Number_events_source
gulfnews.com,FO,3265,7
theguardian.com,FO,3265,16
rt.com,FO,3265,9
france24.com,FO,3265,11
japantimes.co.jp,FO,3265,4
thehindu.com,FO,3265,1
chinadaily.com.cn,FO,3265,5
washingtonpost.com,FO,3265,7
dailytelegraph.com.au,FO,3265,2
washingtonpost.com,MV,75490,359
theguardian.com,MV,75490,352
thehindu.com,MV,75490,816
dailytelegraph.com.au,MV,75490,102
thejakartapost.com,MV,75490,48
japantimes.co.jp,MV,75490,102
gulfnews.com,MV,75490,242
france24.com,MV,75490,77
rt.com,MV,75490,28
chinadaily.com.cn,MV,75490,44
timesofisrael.com,MV,75490,15
kenyastar.com,MV,75490,20
MentionSourceName,ActionGeo_CountryCode,Number_events_country,Number_events_source
japantimes.co.jp,SE,38478,25
washingtonpost.com,SE,38478,54
gulfnews.com,SE,38478,53
theguardian.com,SE,38478,23
france24.com,SE,38478,25
kenyastar.com,SE,38478,15
chinadaily.com.cn,SE,38478,18
thehindu.com,SE,38478,74
thejakartapost.com,SE,38478,14
dailytelegraph.com.au,SE,38478,6
timesofisrael.com,SE,38478,4
washingtonpost.com,VM,889210,2389
gulfnews.com,VM,889210,772
france24.com,VM,889210,587
japantimes.co.jp,VM,889210,1190
dailytelegraph.com.au,VM,889210,597
theguardian.com,VM,889210,1036
chinadaily.com.cn,VM,889210,1087
timesofisrael.com,VM,889210,146
kenyastar.com,VM,889210,98
rt.com,VM,889210,209
thejakartapost.com,VM,889210,984
thehindu.com,VM,889210,590
MentionSourceName,ActionGeo_CountryCode,Number_events_country,Number_events_source
thejakartapost.com,BG,1044479,995
washingtonpost.com,BG,1044479,2738
theguardian.com,BG,1044479,1623
thehindu.com,BG,1044479,6596
gulfnews.com,BG,1044479,3433
france24.com,BG,1044479,1999
japantimes.co.jp,BG,1044479,1357
rt.com,BG,1044479,177
kenyastar.com,BG,1044479,172
timesofisrael.com,BG,1044479,347
chinadaily.com.cn,BG,1044479,334
dailytelegraph.com.au,BG,1044479,460
gulfnews.com,FJ,192385,52
japantimes.co.jp,FJ,192385,39
theguardian.com,FJ,192385,114
chinadaily.com.cn,FJ,192385,68
dailytelegraph.com.au,FJ,192385,221
france24.com,FJ,192385,41
thejakartapost.com,FJ,192385,42
thehindu.com,FJ,192385,81
washingtonpost.com,FJ,192385,65
timesofisrael.com,FJ,192385,8
rt.com,FJ,192385,15
kenyastar.com,FJ,192385,1
dailytelegraph.com.au,WS,59593,52
theguardian.com,WS,59593,25
washingtonpost.com,WS,59593,37
france24.com,WS,59593,15
gulfnews.com,WS,59593,7
japantimes.co.jp,WS,59593,8
rt.com,WS,59593,4
chinadaily.com.cn,WS,59593,3
timesofisrael.com,WS,59593,1
thehindu.com,WS,59593,1
MentionSourceName,ActionGeo_CountryCode,Number_events_country,Number_events_source
gulfnews.com,KU,224156,3647
washingtonpost.com,KU,224156,642
timesofisrael.com,KU,224156,235
thehindu.com,KU,224156,346
theguardian.com,KU,224156,162
thejakartapost.com,KU,224156,83
france24.com,KU,224156,573
dailytelegraph.com.au,KU,224156,103
rt.com,KU,224156,143
japantimes.co.jp,KU,224156,111
chinadaily.com.cn,KU,224156,35
kenyastar.com,KU,224156,14
MentionSourceName,ActionGeo_CountryCode,Number_events_country,Number_events_source
theguardian.com,UK,8607150,129984
rt.com,UK,8607150,12598
chinadaily.com.cn,UK,8607150,5826
kenyastar.com,UK,8607150,917
washingtonpost.com,UK,8607150,16974
dailytelegraph.com.au,UK,8607150,9164
thehindu.com,UK,8607150,9065
timesofisrael.com,UK,8607150,7928
gulfnews.com,UK,8607150,17120
thejakartapost.com,UK,8607150,2496
france24.com,UK,8607150,9891
japantimes.co.jp,UK,8607150,5063
MentionSourceName,ActionGeo_CountryCode,Number_events_country,Number_events_source
washingtonpost.com,CJ,37779,42
france24.com,CJ,37779,4
dailytelegraph.com.au,CJ,37779,22
rt.com,CJ,37779,8
theguardian.com,CJ,37779,37
timesofisrael.com,CJ,37779,3
chinadaily.com.cn,CJ,37779,2
japantimes.co.jp,CJ,37779,5
gulfnews.com,CJ,37779,1
thehindu.com,CJ,37779,4
thejakartapost.com,CJ,37779,1
MentionSourceName,ActionGeo_CountryCode,Number_events_country,Number_events_source
theguardian.com,CW,18004,1
france24.com,CW,18004,3
gulfnews.com,CW,18004,2
chinadaily.com.cn,CW,18004,1
japantimes.co.jp,CW,18004,1
washingtonpost.com,CW,18004,2
thehindu.com,CW,18004,1
theguardian.com,FM,9874,17
washingtonpost.com,FM,9874,24
timesofisrael.com,FM,9874,1
gulfnews.com,FM,9874,4
chinadaily.com.cn,FM,9874,14
thehindu.com,FM,9874,6
japantimes.co.jp,FM,9874,3
dailytelegraph.com.au,FM,9874,5
thejakartapost.com,FM,9874,5
timesofisrael.com,LO,63445,80
france24.com,LO,63445,115
theguardian.com,LO,63445,142
washingtonpost.com,LO,63445,179
thehindu.com,LO,63445,35
gulfnews.com,LO,63445,69
chinadaily.com.cn,LO,63445,24
rt.com,LO,63445,57
japantimes.co.jp,LO,63445,19
thejakartapost.com,LO,63445,18
kenyastar.com,LO,63445,9
dailytelegraph.com.au,LO,63445,10
theguardian.com,MH,4280,8
washingtonpost.com,MH,4280,2
thehindu.com,MH,4280,3
dailytelegraph.com.au,MH,4280,2
timesofisrael.com,MH,4280,1
gulfnews.com,MH,4280,1
MentionSourceName,ActionGeo_CountryCode,Number_events_country,Number_events_source
washingtonpost.com,MU,144663,233
gulfnews.com,MU,144663,2774
kenyastar.com,MU,144663,17
chinadaily.com.cn,MU,144663,38
timesofisrael.com,MU,144663,78
thehindu.com,MU,144663,319
france24.com,MU,144663,142
theguardian.com,MU,144663,72
rt.com,MU,144663,27
thejakartapost.com,MU,144663,73
dailytelegraph.com.au,MU,144663,42
japantimes.co.jp,MU,144663,41
rt.com,OS,98179,196
thehindu.com,OS,98179,56
washingtonpost.com,OS,98179,330
gulfnews.com,OS,98179,136
japantimes.co.jp,OS,98179,94
timesofisrael.com,OS,98179,75
theguardian.com,OS,98179,256
kenyastar.com,OS,98179,18
france24.com,OS,98179,133
dailytelegraph.com.au,OS,98179,79
thejakartapost.com,OS,98179,49
chinadaily.com.cn,OS,98179,37
washingtonpost.com,PE,255247,1036
chinadaily.com.cn,PE,255247,362
thejakartapost.com,PE,255247,131
gulfnews.com,PE,255247,383
theguardian.com,PE,255247,736
japantimes.co.jp,PE,255247,348
thehindu.com,PE,255247,88
timesofisrael.com,PE,255247,141
france24.com,PE,255247,466
dailytelegraph.com.au,PE,255247,161
rt.com,PE,255247,103
kenyastar.com,PE,255247,28
MentionSourceName,ActionGeo_CountryCode,Number_events_country,Number_events_source
gulfnews.com,HQ,375,1
france24.com,HQ,375,1
japantimes.co.jp,HQ,375,3
dailytelegraph.com.au,HQ,375,1
theguardian.com,LS,5461,28
gulfnews.com,LS,5461,12
washingtonpost.com,LS,5461,26
chinadaily.com.cn,LS,5461,3
france24.com,LS,5461,11
dailytelegraph.com.au,LS,5461,1
thehindu.com,LS,5461,8
japantimes.co.jp,LS,5461,3
rt.com,LS,5461,4
thejakartapost.com,LS,5461,1
timesofisrael.com,LS,5461,2
MentionSourceName,ActionGeo_CountryCode,Number_events_country,Number_events_source
washingtonpost.com,MZ,101496,192
theguardian.com,MZ,101496,157
kenyastar.com,MZ,101496,115
gulfnews.com,MZ,101496,170
thehindu.com,MZ,101496,128
chinadaily.com.cn,MZ,101496,54
france24.com,MZ,101496,186
dailytelegraph.com.au,MZ,101496,105
thejakartapost.com,MZ,101496,29
rt.com,MZ,101496,9
japantimes.co.jp,MZ,101496,49
timesofisrael.com,MZ,101496,5
MentionSourceName,ActionGeo_CountryCode,Number_events_country,Number_events_source
dailytelegraph.com.au,LG,90849,38
washingtonpost.com,LG,90849,125
japantimes.co.jp,LG,90849,38
france24.com,LG,90849,81
theguardian.com,LG,90849,144
chinadaily.com.cn,LG,90849,93
thejakartapost.com,LG,90849,23
rt.com,LG,90849,199
gulfnews.com,LG,90849,71
timesofisrael.com,LG,90849,49
thehindu.com,LG,90849,27
kenyastar.com,LG,90849,6
MentionSourceName,ActionGeo_CountryCode,Number_events_country,Number_events_source
theguardian.com,DO,17168,25
washingtonpost.com,DO,17168,37
dailytelegraph.com.au,DO,17168,4
japantimes.co.jp,DO,17168,7
timesofisrael.com,DO,17168,2
thejakartapost.com,DO,17168,2
thehindu.com,DO,17168,3
france24.com,DO,17168,4
chinadaily.com.cn,DO,17168,1
gulfnews.com,DO,17168,2
rt.com,LE,541157,410
gulfnews.com,LE,541157,3146
theguardian.com,LE,541157,730
japantimes.co.jp,LE,541157,490
timesofisrael.com,LE,541157,1858
washingtonpost.com,LE,541157,2104
thehindu.com,LE,541157,200
dailytelegraph.com.au,LE,541157,629
france24.com,LE,541157,1064
chinadaily.com.cn,LE,541157,95
thejakartapost.com,LE,541157,280
kenyastar.com,LE,541157,39
kenyastar.com,QA,454165,33
france24.com,QA,454165,1307
thehindu.com,QA,454165,660
gulfnews.com,QA,454165,3350
timesofisrael.com,QA,454165,878
washingtonpost.com,QA,454165,1542
thejakartapost.com,QA,454165,216
rt.com,QA,454165,455
chinadaily.com.cn,QA,454165,219
theguardian.com,QA,454165,641
dailytelegraph.com.au,QA,454165,99
japantimes.co.jp,QA,454165,227
MentionSourceName,ActionGeo_CountryCode,Number_events_country,Number_events_source
theguardian.com,TH,762752,1646
timesofisrael.com,TH,762752,157
thejakartapost.com,TH,762752,2132
washingtonpost.com,TH,762752,2819
thehindu.com,TH,762752,1147
gulfnews.com,TH,762752,1649
japantimes.co.jp,TH,762752,1580
dailytelegraph.com.au,TH,762752,1034
chinadaily.com.cn,TH,762752,886
rt.com,TH,762752,192
kenyastar.com,TH,762752,96
france24.com,TH,762752,1205
MentionSourceName,ActionGeo_CountryCode,Number_events_country,Number_events_source
theguardian.com,EG,1305465,2568
washingtonpost.com,EG,1305465,8931
timesofisrael.com,EG,1305465,5546
france24.com,EG,1305465,2831
thehindu.com,EG,1305465,1169
gulfnews.com,EG,1305465,6854
thejakartapost.com,EG,1305465,944
japantimes.co.jp,EG,1305465,1169
chinadaily.com.cn,EG,1305465,1055
rt.com,EG,1305465,871
dailytelegraph.com.au,EG,1305465,1040
kenyastar.com,EG,1305465,216
dailytelegraph.com.au,SH,1094,19
france24.com,SH,1094,2
washingtonpost.com,SH,1094,1
MentionSourceName,ActionGeo_CountryCode,Number_events_country,Number_events_source
france24.com,CS,81145,110
japantimes.co.jp,CS,81145,31
washingtonpost.com,CS,81145,179
gulfnews.com,CS,81145,25
theguardian.com,CS,81145,183
dailytelegraph.com.au,CS,81145,43
rt.com,CS,81145,17
timesofisrael.com,CS,81145,26
chinadaily.com.cn,CS,81145,10
kenyastar.com,CS,81145,7
thehindu.com,CS,81145,7
thejakartapost.com,CS,81145,5
MentionSourceName,ActionGeo_CountryCode,Number_events_country,Number_events_source
france24.com,MF,727,8
japantimes.co.jp,MF,727,5
gulfnews.com,MF,727,1
MentionSourceName,ActionGeo_CountryCode,Number_events_country,Number_events_source
theguardian.com,GY,172683,54
washingtonpost.com,GY,172683,146
japantimes.co.jp,GY,172683,11
france24.com,GY,172683,25
dailytelegraph.com.au,GY,172683,20
thejakartapost.com,GY,172683,4
gulfnews.com,GY,172683,9
rt.com,GY,172683,5
thehindu.com,GY,172683,9
timesofisrael.com,GY,172683,5
MentionSourceName,ActionGeo_CountryCode,Number_events_country,Number_events_source
thehindu.com,FP,7546,3
japantimes.co.jp,FP,7546,8
washingtonpost.com,FP,7546,42
thejakartapost.com,FP,7546,7
dailytelegraph.com.au,FP,7546,5
chinadaily.com.cn,FP,7546,6
theguardian.com,FP,7546,31
gulfnews.com,FP,7546,2
france24.com,FP,7546,4
MentionSourceName,ActionGeo_CountryCode,Number_events_country,Number_events_source
thehindu.com,CE,627960,6997
kenyastar.com,CE,627960,60
washingtonpost.com,CE,627960,640
dailytelegraph.com.au,CE,627960,103
france24.com,CE,627960,339
gulfnews.com,CE,627960,897
thejakartapost.com,CE,627960,140
theguardian.com,CE,627960,511
japantimes.co.jp,CE,627960,138
chinadaily.com.cn,CE,627960,231
rt.com,CE,627960,39
timesofisrael.com,CE,627960,27
MentionSourceName,ActionGeo_CountryCode,Number_events_country,Number_events_source
washingtonpost.com,VC,15258,26
thehindu.com,VC,15258,8
chinadaily.com.cn,VC,15258,1
gulfnews.com,VC,15258,2
theguardian.com,VC,15258,1
MentionSourceName,ActionGeo_CountryCode,Number_events_country,Number_events_source
gulfnews.com,RN,2509,7
chinadaily.com.cn,RN,2509,2
thehindu.com,RN,2509,1
washingtonpost.com,RN,2509,2
france24.com,RN,2509,5
theguardian.com,RN,2509,5
japantimes.co.jp,SN,557909,547
thehindu.com,SN,557909,2013
thejakartapost.com,SN,557909,2739
chinadaily.com.cn,SN,557909,888
gulfnews.com,SN,557909,878
washingtonpost.com,SN,557909,840
theguardian.com,SN,557909,560
timesofisrael.com,SN,557909,148
dailytelegraph.com.au,SN,557909,427
france24.com,SN,557909,423
rt.com,SN,557909,40
kenyastar.com,SN,557909,35
france24.com,TX,79110,96
dailytelegraph.com.au,TX,79110,10
rt.com,TX,79110,38
gulfnews.com,TX,79110,66
washingtonpost.com,TX,79110,105
timesofisrael.com,TX,79110,18
thehindu.com,TX,79110,71
thejakartapost.com,TX,79110,13
japantimes.co.jp,TX,79110,46
theguardian.com,TX,79110,50
chinadaily.com.cn,TX,79110,34
kenyastar.com,TX,79110,7
MentionSourceName,ActionGeo_CountryCode,Number_events_country,Number_events_source
theguardian.com,CB,307824,559
gulfnews.com,CB,307824,298
washingtonpost.com,CB,307824,1169
chinadaily.com.cn,CB,307824,542
thejakartapost.com,CB,307824,580
timesofisrael.com,CB,307824,20
france24.com,CB,307824,335
thehindu.com,CB,307824,198
dailytelegraph.com.au,CB,307824,279
japantimes.co.jp,CB,307824,348
rt.com,CB,307824,39
kenyastar.com,CB,307824,92
thehindu.com,NZ,901577,463
theguardian.com,NZ,901577,1932
washingtonpost.com,NZ,901577,892
france24.com,NZ,901577,450
dailytelegraph.com.au,NZ,901577,2207
gulfnews.com,NZ,901577,852
japantimes.co.jp,NZ,901577,387
kenyastar.com,NZ,901577,114
chinadaily.com.cn,NZ,901577,518
thejakartapost.com,NZ,901577,349
rt.com,NZ,901577,191
timesofisrael.com,NZ,901577,166
MentionSourceName,ActionGeo_CountryCode,Number_events_country,Number_events_source
gulfnews.com,BT,64534,64
thehindu.com,BT,64534,471
theguardian.com,BT,64534,79
washingtonpost.com,BT,64534,43
japantimes.co.jp,BT,64534,50
thejakartapost.com,BT,64534,27
kenyastar.com,BT,64534,14
chinadaily.com.cn,BT,64534,31
france24.com,BT,64534,26
dailytelegraph.com.au,BT,64534,14
rt.com,BT,64534,3
MentionSourceName,ActionGeo_CountryCode,Number_events_country,Number_events_source
timesofisrael.com,HU,301139,1095
chinadaily.com.cn,HU,301139,182
washingtonpost.com,HU,301139,1781
rt.com,HU,301139,614
thejakartapost.com,HU,301139,273
thehindu.com,HU,301139,293
theguardian.com,HU,301139,955
france24.com,HU,301139,972
dailytelegraph.com.au,HU,301139,184
gulfnews.com,HU,301139,426
japantimes.co.jp,HU,301139,342
kenyastar.com,HU,301139,24
japantimes.co.jp,KN,842757,5325
theguardian.com,KN,842757,2181
washingtonpost.com,KN,842757,6067
rt.com,KN,842757,1253
france24.com,KN,842757,2262
thejakartapost.com,KN,842757,1092
chinadaily.com.cn,KN,842757,885
gulfnews.com,KN,842757,1990
dailytelegraph.com.au,KN,842757,1520
thehindu.com,KN,842757,1175
timesofisrael.com,KN,842757,921
kenyastar.com,KN,842757,261
france24.com,YM,640973,3079
washingtonpost.com,YM,640973,3493
thejakartapost.com,YM,640973,539
japantimes.co.jp,YM,640973,1260
gulfnews.com,YM,640973,8294
dailytelegraph.com.au,YM,640973,310
rt.com,YM,640973,1296
thehindu.com,YM,640973,1242
chinadaily.com.cn,YM,640973,354
theguardian.com,YM,640973,1365
timesofisrael.com,YM,640973,1255
kenyastar.com,YM,640973,174
MentionSourceName,ActionGeo_CountryCode,Number_events_country,Number_events_source
kenyastar.com,KE,1082267,13129
theguardian.com,KE,1082267,2000
gulfnews.com,KE,1082267,1377
washingtonpost.com,KE,1082267,2672
timesofisrael.com,KE,1082267,337
chinadaily.com.cn,KE,1082267,748
france24.com,KE,1082267,1087
thehindu.com,KE,1082267,603
japantimes.co.jp,KE,1082267,506
thejakartapost.com,KE,1082267,203
dailytelegraph.com.au,KE,1082267,387
rt.com,KE,1082267,133
MentionSourceName,ActionGeo_CountryCode,Number_events_country,Number_events_source
washingtonpost.com,CY,199517,625
rt.com,CY,199517,67
japantimes.co.jp,CY,199517,50
chinadaily.com.cn,CY,199517,70
timesofisrael.com,CY,199517,174
france24.com,CY,199517,418
thehindu.com,CY,199517,88
thejakartapost.com,CY,199517,63
theguardian.com,CY,199517,284
gulfnews.com,CY,199517,187
dailytelegraph.com.au,CY,199517,53
kenyastar.com,CY,199517,1
france24.com,SI,55544,83
timesofisrael.com,SI,55544,21
washingtonpost.com,SI,55544,192
gulfnews.com,SI,55544,80
dailytelegraph.com.au,SI,55544,31
chinadaily.com.cn,SI,55544,41
theguardian.com,SI,55544,122
thehindu.com,SI,55544,45
rt.com,SI,55544,28
thejakartapost.com,SI,55544,28
japantimes.co.jp,SI,55544,57
kenyastar.com,SI,55544,8
MentionSourceName,ActionGeo_CountryCode,Number_events_country,Number_events_source
thejakartapost.com,ML,135277,95
japantimes.co.jp,ML,135277,212
france24.com,ML,135277,847
washingtonpost.com,ML,135277,1061
timesofisrael.com,ML,135277,117
dailytelegraph.com.au,ML,135277,103
theguardian.com,ML,135277,344
thehindu.com,ML,135277,258
kenyastar.com,ML,135277,40
gulfnews.com,ML,135277,475
rt.com,ML,135277,81
chinadaily.com.cn,ML,135277,145
MentionSourceName,ActionGeo_CountryCode,Number_events_country,Number_events_source
washingtonpost.com,EZ,216133,698
theguardian.com,EZ,216133,407
dailytelegraph.com.au,EZ,216133,102
timesofisrael.com,EZ,216133,324
gulfnews.com,EZ,216133,203
chinadaily.com.cn,EZ,216133,376
japantimes.co.jp,EZ,216133,124
france24.com,EZ,216133,342
rt.com,EZ,216133,201
thejakartapost.com,EZ,216133,81
thehindu.com,EZ,216133,91
kenyastar.com,EZ,216133,30
france24.com,GP,4087,34
washingtonpost.com,GP,4087,20
japantimes.co.jp,GP,4087,5
theguardian.com,GP,4087,4
dailytelegraph.com.au,GP,4087,3
gulfnews.com,GP,4087,7
thehindu.com,GP,4087,1
thejakartapost.com,GP,4087,3
MentionSourceName,ActionGeo_CountryCode,Number_events_country,Number_events_source
kenyastar.com,UG,567017,1228
dailytelegraph.com.au,UG,567017,109
france24.com,UG,567017,467
gulfnews.com,UG,567017,448
washingtonpost.com,UG,567017,1196
timesofisrael.com,UG,567017,317
theguardian.com,UG,567017,954
japantimes.co.jp,UG,567017,137
rt.com,UG,567017,48
thehindu.com,UG,567017,129
thejakartapost.com,UG,567017,50
chinadaily.com.cn,UG,567017,82
MentionSourceName,ActionGeo_CountryCode,Number_events_country,Number_events_source
washingtonpost.com,GA,169894,457
japantimes.co.jp,GA,169894,87
theguardian.com,GA,169894,367
chinadaily.com.cn,GA,169894,70
france24.com,GA,169894,448
gulfnews.com,GA,169894,284
dailytelegraph.com.au,GA,169894,262
thehindu.com,GA,169894,31
kenyastar.com,GA,169894,23
rt.com,GA,169894,18
timesofisrael.com,GA,169894,33
thejakartapost.com,GA,169894,9
MentionSourceName,ActionGeo_CountryCode,Number_events_country,Number_events_source
theguardian.com,AS,4644073,55572
dailytelegraph.com.au,AS,4644073,96532
japantimes.co.jp,AS,4644073,2716
thehindu.com,AS,4644073,2421
washingtonpost.com,AS,4644073,5302
thejakartapost.com,AS,4644073,3398
rt.com,AS,4644073,1317
chinadaily.com.cn,AS,4644073,1953
gulfnews.com,AS,4644073,5911
timesofisrael.com,AS,4644073,1138
france24.com,AS,4644073,2651
kenyastar.com,AS,4644073,387
timesofisrael.com,BE,717021,1523
france24.com,BE,717021,2785
theguardian.com,BE,717021,3349
washingtonpost.com,BE,717021,3083
japantimes.co.jp,BE,717021,946
chinadaily.com.cn,BE,717021,829
gulfnews.com,BE,717021,1660
dailytelegraph.com.au,BE,717021,870
rt.com,BE,717021,1229
thejakartapost.com,BE,717021,562
thehindu.com,BE,717021,838
kenyastar.com,BE,717021,108
france24.com,MA,34738,88
theguardian.com,MA,34738,150
washingtonpost.com,MA,34738,93
chinadaily.com.cn,MA,34738,45
gulfnews.com,MA,34738,41
kenyastar.com,MA,34738,150
thejakartapost.com,MA,34738,25
dailytelegraph.com.au,MA,34738,82
timesofisrael.com,MA,34738,17
thehindu.com,MA,34738,36
japantimes.co.jp,MA,34738,18
rt.com,MA,34738,7
theguardian.com,WZ,47943,57
gulfnews.com,WZ,47943,16
washingtonpost.com,WZ,47943,18
dailytelegraph.com.au,WZ,47943,15
kenyastar.com,WZ,47943,4
thejakartapost.com,WZ,47943,8
thehindu.com,WZ,47943,8
japantimes.co.jp,WZ,47943,1
rt.com,WZ,47943,5
france24.com,WZ,47943,2
MentionSourceName,ActionGeo_CountryCode,Number_events_country,Number_events_source
gulfnews.com,AC,30773,20
dailytelegraph.com.au,AC,30773,34
france24.com,AC,30773,10
theguardian.com,AC,30773,29
washingtonpost.com,AC,30773,61
thehindu.com,AC,30773,4
thejakartapost.com,AC,30773,2
japantimes.co.jp,AC,30773,4
MentionSourceName,ActionGeo_CountryCode,Number_events_country,Number_events_source
washingtonpost.com,AN,3156,27
gulfnews.com,AN,3156,19
france24.com,AN,3156,10
dailytelegraph.com.au,AN,3156,1
theguardian.com,AN,3156,5
chinadaily.com.cn,AN,3156,3
thehindu.com,KS,1003571,1438
timesofisrael.com,KS,1003571,371
japantimes.co.jp,KS,1003571,4596
chinadaily.com.cn,KS,1003571,3057
theguardian.com,KS,1003571,1595
france24.com,KS,1003571,1843
washingtonpost.com,KS,1003571,4675
thejakartapost.com,KS,1003571,1711
gulfnews.com,KS,1003571,2288
dailytelegraph.com.au,KS,1003571,867
rt.com,KS,1003571,751
kenyastar.com,KS,1003571,363
dailytelegraph.com.au,NI,4335693,424
chinadaily.com.cn,NI,4335693,273
washingtonpost.com,NI,4335693,3337
thehindu.com,NI,4335693,1022
theguardian.com,NI,4335693,2298
thejakartapost.com,NI,4335693,334
france24.com,NI,4335693,2287
japantimes.co.jp,NI,4335693,1088
timesofisrael.com,NI,4335693,275
kenyastar.com,NI,4335693,296
gulfnews.com,NI,4335693,2438
rt.com,NI,4335693,258
MentionSourceName,ActionGeo_CountryCode,Number_events_country,Number_events_source
gulfnews.com,KG,125448,118
theguardian.com,KG,125448,109
chinadaily.com.cn,KG,125448,269
thehindu.com,KG,125448,51
rt.com,KG,125448,74
washingtonpost.com,KG,125448,89
france24.com,KG,125448,73
timesofisrael.com,KG,125448,21
dailytelegraph.com.au,KG,125448,41
thejakartapost.com,KG,125448,11
japantimes.co.jp,KG,125448,39
kenyastar.com,KG,125448,5
MentionSourceName,ActionGeo_CountryCode,Number_events_country,Number_events_source
thejakartapost.com,TT,20420,238
chinadaily.com.cn,TT,20420,107
washingtonpost.com,TT,20420,47
theguardian.com,TT,20420,64
france24.com,TT,20420,18
japantimes.co.jp,TT,20420,23
dailytelegraph.com.au,TT,20420,52
gulfnews.com,TT,20420,13
rt.com,TT,20420,6
thehindu.com,TT,20420,4
timesofisrael.com,TT,20420,2
MentionSourceName,ActionGeo_CountryCode,Number_events_country,Number_events_source
rt.com,BO,262184,397
japantimes.co.jp,BO,262184,99
france24.com,BO,262184,221
timesofisrael.com,BO,262184,102
theguardian.com,BO,262184,230
thehindu.com,BO,262184,75
chinadaily.com.cn,BO,262184,198
washingtonpost.com,BO,262184,447
gulfnews.com,BO,262184,150
kenyastar.com,BO,262184,26
dailytelegraph.com.au,BO,262184,37
thejakartapost.com,BO,262184,51
dailytelegraph.com.au,NO,341364,289
theguardian.com,NO,341364,1252
washingtonpost.com,NO,341364,1044
gulfnews.com,NO,341364,631
timesofisrael.com,NO,341364,587
japantimes.co.jp,NO,341364,254
france24.com,NO,341364,654
thejakartapost.com,NO,341364,204
thehindu.com,NO,341364,337
rt.com,NO,341364,521
chinadaily.com.cn,NO,341364,109
kenyastar.com,NO,341364,52
timesofisrael.com,SY,3452009,10831
theguardian.com,SY,3452009,10664
france24.com,SY,3452009,12647
washingtonpost.com,SY,3452009,19650
kenyastar.com,SY,3452009,548
dailytelegraph.com.au,SY,3452009,4066
thehindu.com,SY,3452009,3735
japantimes.co.jp,SY,3452009,7596
gulfnews.com,SY,3452009,13927
thejakartapost.com,SY,3452009,2593
rt.com,SY,3452009,9115
chinadaily.com.cn,SY,3452009,1654
MentionSourceName,ActionGeo_CountryCode,Number_events_country,Number_events_source
gulfnews.com,ER,68819,111
theguardian.com,ER,68819,580
washingtonpost.com,ER,68819,245
thejakartapost.com,ER,68819,24
thehindu.com,ER,68819,28
kenyastar.com,ER,68819,54
france24.com,ER,68819,128
timesofisrael.com,ER,68819,165
rt.com,ER,68819,40
japantimes.co.jp,ER,68819,41
dailytelegraph.com.au,ER,68819,12
chinadaily.com.cn,ER,68819,1
MentionSourceName,ActionGeo_CountryCode,Number_events_country,Number_events_source
gulfnews.com,CO,319338,713
theguardian.com,CO,319338,1024
chinadaily.com.cn,CO,319338,223
france24.com,CO,319338,1979
washingtonpost.com,CO,319338,2278
japantimes.co.jp,CO,319338,291
thejakartapost.com,CO,319338,195
dailytelegraph.com.au,CO,319338,492
kenyastar.com,CO,319338,66
thehindu.com,CO,319338,289
timesofisrael.com,CO,319338,65
rt.com,CO,319338,100
dailytelegraph.com.au,IM,2014,15
theguardian.com,IM,2014,5
thejakartapost.com,IM,2014,3
gulfnews.com,IM,2014,3
MentionSourceName,ActionGeo_CountryCode,Number_events_country,Number_events_source
washingtonpost.com,IZ,1890111,13615
theguardian.com,IZ,1890111,5438
rt.com,IZ,1890111,3797
japantimes.co.jp,IZ,1890111,4244
dailytelegraph.com.au,IZ,1890111,2275
france24.com,IZ,1890111,5709
timesofisrael.com,IZ,1890111,3528
gulfnews.com,IZ,1890111,7977
kenyastar.com,IZ,1890111,332
thejakartapost.com,IZ,1890111,1114
thehindu.com,IZ,1890111,2297
chinadaily.com.cn,IZ,1890111,759
MentionSourceName,ActionGeo_CountryCode,Number_events_country,Number_events_source
chinadaily.com.cn,UY,46870,58
theguardian.com,UY,46870,139
timesofisrael.com,UY,46870,61
thejakartapost.com,UY,46870,37
japantimes.co.jp,UY,46870,35
gulfnews.com,UY,46870,80
washingtonpost.com,UY,46870,267
kenyastar.com,UY,46870,11
france24.com,UY,46870,87
dailytelegraph.com.au,UY,46870,11
thehindu.com,UY,46870,26
rt.com,UY,46870,27
MentionSourceName,ActionGeo_CountryCode,Number_events_country,Number_events_source
gulfnews.com,OC,15392,31
washingtonpost.com,OC,15392,36
thehindu.com,OC,15392,67
france24.com,OC,15392,14
thejakartapost.com,OC,15392,54
dailytelegraph.com.au,OC,15392,8
kenyastar.com,OC,15392,7
chinadaily.com.cn,OC,15392,5
theguardian.com,OC,15392,8
japantimes.co.jp,OC,15392,4
timesofisrael.com,OC,15392,1
MentionSourceName,ActionGeo_CountryCode,Number_events_country,Number_events_source
washingtonpost.com,NG,120271,333
theguardian.com,NG,120271,268
gulfnews.com,NG,120271,222
france24.com,NG,120271,411
timesofisrael.com,NG,120271,34
rt.com,NG,120271,29
japantimes.co.jp,NG,120271,123
thejakartapost.com,NG,120271,10
thehindu.com,NG,120271,37
chinadaily.com.cn,NG,120271,15
dailytelegraph.com.au,NG,120271,30
kenyastar.com,NG,120271,9
MentionSourceName,ActionGeo_CountryCode,Number_events_country,Number_events_source
washingtonpost.com,JE,188996,743
dailytelegraph.com.au,JE,188996,90
chinadaily.com.cn,JE,188996,21
france24.com,JE,188996,40
theguardian.com,JE,188996,213
timesofisrael.com,JE,188996,86
gulfnews.com,JE,188996,78
thehindu.com,JE,188996,39
kenyastar.com,JE,188996,8
rt.com,JE,188996,44
japantimes.co.jp,JE,188996,28
thejakartapost.com,JE,188996,4
MentionSourceName,ActionGeo_CountryCode,Number_events_country,Number_events_source
france24.com,AR,251922,730
timesofisrael.com,AR,251922,497
rt.com,AR,251922,244
thejakartapost.com,AR,251922,90
washingtonpost.com,AR,251922,1476
dailytelegraph.com.au,AR,251922,127
theguardian.com,AR,251922,633
japantimes.co.jp,AR,251922,220
gulfnews.com,AR,251922,323
thehindu.com,AR,251922,161
chinadaily.com.cn,AR,251922,243
kenyastar.com,AR,251922,29
washingtonpost.com,CF,121180,945
theguardian.com,CF,121180,371
gulfnews.com,CF,121180,426
thejakartapost.com,CF,121180,29
chinadaily.com.cn,CF,121180,13
france24.com,CF,121180,525
kenyastar.com,CF,121180,71
thehindu.com,CF,121180,82
japantimes.co.jp,CF,121180,99
dailytelegraph.com.au,CF,121180,100
timesofisrael.com,CF,121180,22
rt.com,CF,121180,26
MentionSourceName,ActionGeo_CountryCode,Number_events_country,Number_events_source
washingtonpost.com,RM,18152,77
rt.com,RM,18152,5
france24.com,RM,18152,30
theguardian.com,RM,18152,64
dailytelegraph.com.au,RM,18152,18
japantimes.co.jp,RM,18152,26
gulfnews.com,RM,18152,43
thehindu.com,RM,18152,19
timesofisrael.com,RM,18152,9
kenyastar.com,RM,18152,4
thejakartapost.com,RM,18152,7
washingtonpost.com,TK,1163,4
MentionSourceName,ActionGeo_CountryCode,Number_events_country,Number_events_source
france24.com,LU,85835,261
theguardian.com,LU,85835,431
washingtonpost.com,LU,85835,162
japantimes.co.jp,LU,85835,64
thehindu.com,LU,85835,38
chinadaily.com.cn,LU,85835,80
gulfnews.com,LU,85835,162
rt.com,LU,85835,92
timesofisrael.com,LU,85835,29
kenyastar.com,LU,85835,5
dailytelegraph.com.au,LU,85835,59
thejakartapost.com,LU,85835,45
dailytelegraph.com.au,NF,769,22
theguardian.com,NF,769,35
kenyastar.com,SZ,685031,100
theguardian.com,SZ,685031,2023
gulfnews.com,SZ,685031,1784
rt.com,SZ,685031,728
timesofisrael.com,SZ,685031,909
thehindu.com,SZ,685031,1172
washingtonpost.com,SZ,685031,2164
thejakartapost.com,SZ,685031,450
france24.com,SZ,685031,1775
dailytelegraph.com.au,SZ,685031,469
chinadaily.com.cn,SZ,685031,709
japantimes.co.jp,SZ,685031,648
MentionSourceName,ActionGeo_CountryCode,Number_events_country,Number_events_source
timesofisrael.com,IS,3522487,111986
japantimes.co.jp,IS,3522487,2335
gulfnews.com,IS,3522487,10591
rt.com,IS,3522487,5961
theguardian.com,IS,3522487,6171
washingtonpost.com,IS,3522487,17388
thejakartapost.com,IS,3522487,1933
france24.com,IS,3522487,10104
thehindu.com,IS,3522487,2998
chinadaily.com.cn,IS,3522487,968
dailytelegraph.com.au,IS,3522487,1039
kenyastar.com,IS,3522487,559
thehindu.com,MP,43659,314
washingtonpost.com,MP,43659,40
thejakartapost.com,MP,43659,15
theguardian.com,MP,43659,74
gulfnews.com,MP,43659,40
rt.com,MP,43659,8
france24.com,MP,43659,10
dailytelegraph.com.au,MP,43659,14
chinadaily.com.cn,MP,43659,33
timesofisrael.com,MP,43659,7
japantimes.co.jp,MP,43659,7
kenyastar.com,MP,43659,16
MentionSourceName,ActionGeo_CountryCode,Number_events_country,Number_events_source
chinadaily.com.cn,AF,1766832,776
washingtonpost.com,AF,1766832,10990
timesofisrael.com,AF,1766832,963
gulfnews.com,AF,1766832,5199
theguardian.com,AF,1766832,4029
japantimes.co.jp,AF,1766832,1941
thehindu.com,AF,1766832,4221
thejakartapost.com,AF,1766832,810
france24.com,AF,1766832,3212
rt.com,AF,1766832,2326
dailytelegraph.com.au,AF,1766832,1065
kenyastar.com,AF,1766832,163
gulfnews.com,JA,1717682,3879
chinadaily.com.cn,JA,1717682,5888
japantimes.co.jp,JA,1717682,37573
thejakartapost.com,JA,1717682,3070
washingtonpost.com,JA,1717682,7167
dailytelegraph.com.au,JA,1717682,1655
thehindu.com,JA,1717682,3579
france24.com,JA,1717682,3042
timesofisrael.com,JA,1717682,579
theguardian.com,JA,1717682,3591
rt.com,JA,1717682,1957
kenyastar.com,JA,1717682,380
MentionSourceName,ActionGeo_CountryCode,Number_events_country,Number_events_source
washingtonpost.com,BB,86287,55
theguardian.com,BB,86287,91
timesofisrael.com,BB,86287,15
chinadaily.com.cn,BB,86287,4
gulfnews.com,BB,86287,18
japantimes.co.jp,BB,86287,2
france24.com,BB,86287,14
thejakartapost.com,BB,86287,9
dailytelegraph.com.au,BB,86287,21
thehindu.com,BB,86287,3
rt.com,BB,86287,2
washingtonpost.com,CQ,1424,9
timesofisrael.com,CQ,1424,2
japantimes.co.jp,CQ,1424,1
rt.com,CQ,1424,4
france24.com,CQ,1424,1
theguardian.com,CQ,1424,1
MentionSourceName,ActionGeo_CountryCode,Number_events_country,Number_events_source
rt.com,PP,84482,40
dailytelegraph.com.au,PP,84482,424
washingtonpost.com,PP,84482,91
france24.com,PP,84482,40
gulfnews.com,PP,84482,130
thejakartapost.com,PP,84482,129
theguardian.com,PP,84482,522
chinadaily.com.cn,PP,84482,39
japantimes.co.jp,PP,84482,17
thehindu.com,PP,84482,48
timesofisrael.com,PP,84482,7
kenyastar.com,PP,84482,8
MentionSourceName,ActionGeo_CountryCode,Number_events_country,Number_events_source
thehindu.com,CD,136753,53
rt.com,CD,136753,30
france24.com,CD,136753,285
washingtonpost.com,CD,136753,716
kenyastar.com,CD,136753,96
gulfnews.com,CD,136753,173
theguardian.com,CD,136753,245
timesofisrael.com,CD,136753,30
japantimes.co.jp,CD,136753,112
thejakartapost.com,CD,136753,38
dailytelegraph.com.au,CD,136753,72
chinadaily.com.cn,CD,136753,19
MentionSourceName,ActionGeo_CountryCode,Number_events_country,Number_events_source
washingtonpost.com,AO,120988,238
france24.com,AO,120988,181
gulfnews.com,AO,120988,131
kenyastar.com,AO,120988,21
rt.com,AO,120988,34
theguardian.com,AO,120988,335
chinadaily.com.cn,AO,120988,38
thejakartapost.com,AO,120988,26
japantimes.co.jp,AO,120988,63
dailytelegraph.com.au,AO,120988,25
thehindu.com,AO,120988,31
timesofisrael.com,AO,120988,8
MentionSourceName,ActionGeo_CountryCode,Number_events_country,Number_events_source
gulfnews.com,ST,25057,8
washingtonpost.com,ST,25057,3
thehindu.com,ST,25057,2
thejakartapost.com,ST,25057,1
kenyastar.com,ST,25057,3
theguardian.com,ST,25057,5
dailytelegraph.com.au,ST,25057,1
france24.com,ST,25057,4
chinadaily.com.cn,ST,25057,1
timesofisrael.com,ST,25057,1
